city_id,ppl_ng,ppl_city,len_sew,len_water,w_person,numbuild,den_pop,ppl_km2,area_city,numconn_buildgen,numconn_livbuild,num_ngconsum,cust_ng_heat,cust_city,ng_MWh
1201000,86254,106514,655.3,972.9,22.2,26431,3444,164,649,23312,22235,26101,12093,10199,174048.0
1201011,27104,29922,150.9,90.4,31.7,5199,3452,1002,30,5040,4692,9503,4321,9503,70435.0
1201022,16368,19872,221.6,248.2,26.4,5621,3401,152,132,5167,4983,4690,2141,0,32035.0
1201042,4131,5642,16.5,3.4,3.2,1571,3244,94,60,1278,1227,1154,563,0,5685.5
1201052,5572,8139,28.7,167.7,34.7,2453,2823,114,72,1967,1891,1704,883,0,10595.6
1201063,11079,14021,32.7,109.1,12.0,3848,4552,171,82,3312,3167,3103,1531,696,20112.9
1201064,2441,2745,12.8,21.6,23.8,740,4938,552,5,731,664,696,431,696,6042.4
1201065,8638,11276,19.9,87.5,9.1,3108,4463,146,77,2581,2503,2407,1100,0,14070.5
1201072,8039,11276,122.3,117.3,19.1,3086,3296,131,86,2518,2445,2277,1104,0,14964.2
1201082,4409,5582,35.7,72.4,5.4,1523,3094,127,44,1314,1244,1171,621,0,7086.9
1201092,4809,5543,46.9,43.1,11.4,1388,4894,159,35,1271,1215,1209,527,0,6804.1
1202000,69786,93206,422.8,814.5,19.5,24506,3427,158,591,19930,19155,20562,8862,5945,133714.5
1202023,31380,36314,164.0,201.3,23.9,8139,4389,354,103,7338,7012,9870,4043,5527,68877.8
1202024,16266,16825,73.6,58.1,29.4,2533,3491,1411,12,2688,2434,5527,1933,5527,36473.4
1202025,15114,19489,90.4,143.2,19.1,5606,5689,215,91,4650,4578,4343,2110,0,32404.4
1202033,6828,9803,54.2,152.3,15.2,2835,2905,148,66,1949,1873,1718,931,418,13104.6
1202034,2304,2344,19.7,36.6,19.8,740,2093,166,14,476,442,418,265,418,4067.6
1202035,4524,7459,34.5,115.7,13.7,2095,3318,143,52,1473,1431,1300,666,0,9037.0
1202042,11839,14723,166.3,116.9,21.9,3878,3802,180,82,3537,3419,3165,1310,0,18804.7
1202052,5066,8027,21.4,39.7,4.4,2404,3159,146,55,1784,1732,1527,574,0,8199.8
1202072,4704,9534,16.9,126.1,24.5,3085,2219,71,135,1978,1889,1461,709,0,7914.7
1203000,90002,125385,463.4,760.0,29.4,24669,3086,339,370,20312,19944,31432,9579,22252,154975.0
1203013,9147,12640,47.4,155.5,23.5,3512,2006,170,74,2872,2792,2951,1282,1013,21118.1
1203014,2882,3370,21.7,23.1,24.1,642,1640,380,9,589,559,1013,387,1013,8809.3
1203015,6265,9270,25.7,132.4,23.3,2870,2185,142,65,2283,2233,1938,895,0,12308.8
1203022,5574,9146,18.3,65.5,28.5,2715,2836,169,55,2164,2140,1689,874,0,11440.4
1203033,35405,47169,170.8,188.7,30.7,6757,3646,594,79,5768,5662,13570,2691,11927,51048.8
1203034,30180,36945,116.8,112.3,32.4,3630,4219,964,38,3494,3408,11927,1814,11927,39942.3
1203035,5225,10224,54.0,76.4,24.7,3127,2421,249,41,2274,2254,1643,877,0,11106.5
1203043,14585,22433,58.2,121.6,30.7,4051,3479,393,57,3360,3315,4605,1488,3751,20638.3
1203044,11577,17084,58.2,74.2,30.8,2635,3436,477,36,2102,2066,3751,970,3751,15306.6
1203053,25291,33997,168.7,228.7,29.1,7634,2891,323,105,6148,6035,8617,3244,5561,50729.4
1203054,15328,19846,101.7,117.6,29.4,3432,3036,621,32,2763,2681,5561,1459,5561,29796.3
1203055,9963,14151,67.0,111.1,28.6,4202,2706,193,73,3385,3354,3056,1785,0,20933.1
1204000,36830,59350,370.3,1012.8,23.3,15223,2986,112,530,11153,10698,10274,5623,4391,69220.4
1204012,2212,2682,9.4,91.6,21.6,880,2114,75,36,807,778,651,312,0,2683.8
1204023,16329,21287,213.3,186.9,23.6,4628,3443,183,116,4042,3835,4602,2404,3316,35676.3
1204024,11324,11906,96.3,58.7,29.4,2216,3447,516,23,2240,2078,3316,1634,3316,28143.6
1204025,5005,9381,117.0,128.2,16.2,2412,3439,100,93,1802,1757,1286,770,0,7532.7
1204052,5480,7934,36.6,108.1,21.7,2019,3102,102,78,1696,1640,1439,843,0,8355.8
1204062,3014,7439,72.3,173.4,20.8,1971,3428,84,88,1279,1239,784,441,0,4796.7
1204073,5185,13180,38.7,271.6,26.2,3617,2786,110,119,1634,1569,1520,958,1075,12022.6
1204074,3614,4173,34.3,43.6,26.9,1051,2287,609,7,943,896,1075,695,1075,9414.7
1204075,1571,9007,4.4,228.0,25.9,2566,3095,80,112,691,673,445,263,0,2607.9
1205000,74961,109104,1019.1,381.0,11.2,24848,3363,113,966,18319,17585,22580,9869,10891,133053.2
1205011,26063,27597,146.0,92.1,29.7,3372,4503,1173,24,3545,3281,9139,2886,9139,53559.1
1205023,11187,16858,108.8,25.4,4.3,4468,4330,172,98,3198,3056,3217,1739,1217,18937.6
1205024,3883,4599,24.2,16.9,9.7,1118,3227,260,17,970,905,1217,643,1217,7237.5
1205025,7304,12259,84.6,8.5,2.2,3350,4982,152,81,2228,2151,2000,1096,0,11700.1
1205033,6064,9778,110.5,50.1,7.7,2303,3846,196,50,1639,1583,1484,770,535,9151.4
1205034,2097,3136,42.0,17.5,16.7,757,3376,437,7,579,552,535,343,535,4528.8
1205035,3967,6642,68.5,32.6,3.5,1546,4108,156,43,1060,1031,949,427,0,4622.6
1205042,13119,17277,350.6,156.9,8.3,4626,3799,168,103,3806,3728,3582,1997,0,23761.3
1205052,5080,6806,103.5,2.4,0.9,1987,3496,102,66,1709,1651,1482,723,0,8591.5
1205062,4555,8514,4.7,0.5,0.1,2205,4407,151,56,1390,1355,1225,602,0,6369.7
1205072,2945,4922,92.0,0.0,0.0,1329,3695,131,38,944,914,767,395,0,3940.5
1205082,2745,5498,20.0,4.4,1.4,1429,3503,112,49,948,920,734,347,0,3770.9
1205092,2510,5017,47.0,26.9,12.3,1391,1619,26,195,845,821,741,329,0,3957.8
1205102,693,6837,36.0,22.3,4.1,1738,1230,24,287,295,276,209,81,0,1013.4
1206000,207025,277145,2007.6,2820.6,33.0,76484,3592,225,1231,63507,60170,64587,39829,12082,688027.5
1206012,3443,14587,84.0,137.0,28.7,4669,4089,173,85,1372,1346,1136,702,0,10411.9
1206022,5299,7724,1.3,127.6,18.5,2047,3474,123,63,1804,1700,1444,867,0,13906.4
1206032,3720,9135,17.1,169.4,25.9,2919,3394,128,71,1537,1487,1204,701,0,12798.7
1206042,8386,10935,34.9,128.5,27.2,3051,5827,160,68,2854,2779,2336,1181,0,18842.8
1206052,12975,15575,35.1,249.4,37.2,4612,4025,193,81,4454,4143,4042,2710,0,43922.0
1206063,24606,32195,298.1,282.3,30.6,8483,2786,232,139,7386,7095,7992,3843,3281,69290.9
1206064,8367,10051,54.1,44.1,38.3,1801,2515,592,18,1739,1560,3281,1381,3281,32704.9
1206065,16239,22144,244.0,238.2,27.0,6682,2930,181,121,5647,5535,4711,2462,0,36586.0
1206072,14929,17292,189.0,202.0,27.6,5120,3813,240,72,4524,4390,4142,2589,0,39821.5
1206082,9093,10563,34.4,109.0,42.7,3474,2322,207,51,3192,3110,3011,2325,0,42068.3
1206092,12925,14052,72.2,139.8,36.3,4139,4051,322,44,4079,3611,3893,3131,0,53150.6
1206103,6352,10556,101.4,114.5,30.3,3294,3453,141,75,2634,2570,2039,1128,643,20592.6
1206104,2038,3803,15.6,17.3,26.8,1140,3779,1280,3,825,805,643,349,643,5942.4
1206105,4314,6753,85.8,97.2,32.3,2154,3291,94,72,1809,1765,1396,779,0,14650.2
1206113,36351,43496,251.5,263.2,32.2,8004,3978,436,100,7641,6724,11334,4470,7382,73216.3
1206114,21887,24362,73.3,49.6,36.0,2830,3640,1188,20,3088,2548,7382,2207,7382,42736.9
1206115,14464,19134,178.2,213.6,27.4,5174,4518,241,80,4553,4176,3952,2263,0,30479.4
1206123,1062,13680,26.2,175.7,22.9,3771,3313,121,113,543,481,351,282,190,5436.1
1206124,555,4348,13.0,26.7,16.8,994,4595,1268,3,238,207,190,167,190,3012.9
1206125,507,9332,13.2,149.0,25.8,2777,2925,85,110,305,274,161,115,0,2423.2
1206132,2396,5830,90.2,94.8,25.5,1609,5747,109,53,1019,993,724,209,0,4556.7
1206143,8549,10083,32.7,81.0,31.9,2702,7777,495,20,2679,2443,2341,1799,586,27302.0
1206144,2091,2415,20.2,13.8,22.9,696,7509,544,4,684,629,586,488,586,7821.1
1206145,6458,7668,12.5,67.2,34.8,2006,7870,482,16,1995,1814,1755,1311,0,19480.9
1206152,11701,12356,185.1,109.0,41.5,3956,3944,256,48,3851,3746,3799,2841,0,47898.9
1206162,23737,26504,348.1,244.4,39.0,7878,3252,267,99,7395,7153,7608,5252,0,103960.1
1206172,21501,22582,206.3,193.0,44.0,6756,3181,465,49,6543,6399,7191,5799,0,100851.7
1207000,68133,131523,694.3,722.8,10.9,31426,3597,138,951,20268,19479,18238,9583,5835,138059.0
1207011,13311,15158,93.0,97.4,22.9,2845,3611,811,19,2745,2546,4046,2039,4046,34616.8
1207021,6029,7948,45.5,35.2,13.6,1841,2903,293,27,1698,1581,1789,1012,1789,17218.6
1207032,4635,9967,42.9,90.6,10.1,2725,3181,91,110,1879,1811,1332,744,0,8490.9
1207042,3394,8667,19.3,63.5,9.1,2254,3990,120,72,1515,1429,956,581,0,8095.5
1207072,12991,25466,66.3,207.8,13.8,6457,3345,167,152,3870,3837,3392,1842,0,24485.3
1207082,119,10044,56.9,14.4,2.6,2537,3548,144,70,64,63,31,24,0,243.3
1207092,10098,17643,150.1,5.6,1.7,4185,3503,104,170,3523,3414,2475,986,0,14700.6
1207102,4144,7344,40.2,44.7,7.9,1715,4639,99,74,1377,1321,1001,582,0,7307.0
1207112,4836,6720,39.9,74.9,17.4,1434,3478,118,57,1144,1118,1056,541,0,7561.1
1207122,3834,6556,14.6,53.3,17.1,1493,3802,200,33,1110,1070,1009,593,0,7589.3
1208000,3606,49137,136.7,940.4,26.5,14255,1937,73,676,2050,1927,1266,810,463,17433.8
1208012,1475,7464,32.1,133.6,29.5,2247,1884,95,78,1048,1022,495,232,0,4529.8
1208022,801,6078,23.6,129.6,31.7,1974,2503,68,90,435,431,261,101,0,1816.1
1208042,101,5121,14.8,144.6,15.4,1904,1284,37,138,45,32,39,36,0,561.8
1208053,1214,19737,66.2,242.8,27.1,4342,2714,133,148,522,442,466,438,463,10458.7
1208054,1204,11652,51.9,67.0,31.4,1829,3601,752,15,511,431,463,435,463,10396.2
1208055,10,8085,14.3,175.8,20.7,2513,1994,61,133,11,11,3,3,0,62.5
1209000,73467,127028,985.2,856.9,17.4,30917,3599,189,673,21430,20202,20541,11124,8414,170924.0
1209013,11344,15272,86.3,144.8,32.3,3722,3774,230,66,3147,2936,3262,1666,1672,28333.6
1209014,5668,6434,30.4,29.0,29.0,1311,3119,496,14,1234,1100,1672,807,1672,16342.7
1209015,5676,8838,55.9,115.8,34.6,2411,4472,165,52,1913,1836,1590,859,0,11990.9
1209022,5056,10060,51.3,9.4,5.9,2571,3383,134,75,1815,1741,1303,697,0,8837.8
1209033,33331,44189,479.5,368.4,22.8,9888,3642,288,154,8406,7797,9773,5525,5691,85313.7
1209034,17615,18386,74.3,78.7,29.1,3272,3511,608,30,3304,2951,5691,3184,5691,50966.5
1209035,15716,25803,405.2,289.7,18.3,6616,3745,209,124,5102,4846,4082,2341,0,34347.2
1209042,4830,11082,23.4,3.4,0.9,2710,3488,125,89,1564,1494,1178,510,0,7865.5
1209052,219,6395,10.0,71.0,13.8,1805,2676,105,61,71,69,62,38,0,418.6
1209062,5899,8953,94.7,109.4,24.3,2433,3542,281,32,2137,2033,1705,1116,0,15555.0
1209073,8597,14916,135.4,92.3,16.0,3643,4142,247,60,2965,2852,2187,1062,1051,17419.3
1209074,4269,6633,63.3,31.0,21.9,1519,3607,403,16,1239,1202,1051,462,1051,8316.0
1209075,4328,8283,72.1,61.3,11.3,2124,4704,189,44,1726,1650,1136,600,0,9103.3
1209092,581,7390,63.2,58.2,12.3,1950,2919,110,67,190,183,157,80,0,1020.1
1210000,106348,216176,1232.7,1653.0,11.2,47031,4168,139,1549,26607,25359,27554,11081,9270,221361.4
1210011,4504,6038,23.1,17.6,10.2,1236,3765,356,17,1046,969,1384,468,1384,9476.6
1210022,13053,28572,187.3,401.1,15.9,6521,5228,255,112,3377,3275,3064,1522,0,28127.8
1210032,5368,9239,66.6,159.1,11.4,2535,3417,105,88,1763,1692,1538,522,0,12514.5
1210042,18458,25456,98.9,152.1,6.3,5316,4612,166,154,4540,4411,3978,1394,0,22064.5
1210052,7278,10363,94.1,121.4,31.4,2213,4536,159,65,1804,1747,1621,595,0,10472.9
1210062,9162,14500,69.9,154.9,4.9,2915,5596,136,107,2182,2102,1851,633,0,11174.7
1210073,14385,16777,157.2,109.3,17.2,2738,2902,116,145,2809,2519,5408,2620,4433,59364.8
1210074,9841,10686,69.4,55.2,21.6,1423,3628,269,40,1636,1396,4433,2127,4433,51806.1
1210075,4544,6091,87.8,54.1,9.3,1315,2103,58,105,1173,1123,975,493,0,7558.7
1210082,3199,6032,35.0,6.5,0.6,1176,2646,51,119,927,883,688,257,0,4679.5
1210092,48,16499,71.2,62.3,13.3,3892,4599,124,132,5,5,4,1,0,45.6
1210102,7812,11049,36.1,116.1,6.2,2614,4320,130,85,2007,1922,1680,524,0,11538.3
1210113,6855,11574,89.1,34.9,9.3,2452,2234,82,141,1742,1626,2046,1089,1318,18026.0
1210114,3928,4831,33.5,20.6,12.6,1038,2365,198,24,991,919,1318,708,1318,11985.1
1210115,2927,6743,55.6,14.3,6.9,1414,2144,58,117,751,707,728,381,0,6040.9
1210122,1320,8703,57.0,50.2,5.4,1812,5416,173,50,378,332,290,200,0,3118.9
1210133,10650,10650,40.0,21.3,4.4,2523,3720,84,126,900,0,0,10650,0,52000.0
1210134,5882,5882,24.0,10.1,4.1,1454,4092,154,38,0,0,0,5882,0,18025.0
1210135,4768,4768,16.0,11.2,4.8,1069,3335,54,88,0,0,0,4658,0,14036.0
1210142,13170,13170,66.2,97.3,9.0,2869,5964,203,65,0,0,0,12546,0,48647.0
1210163,14906,23747,98.8,138.9,12.8,5358,5078,235,101,4026,3875,4002,1256,2135,30757.3
1210164,7046,9048,34.0,40.8,24.7,2068,3543,603,15,1865,1785,2135,678,2135,16550.0
1210165,7860,14699,64.8,98.1,5.5,3290,6994,171,86,2161,2090,1867,578,0,14207.3
1211000,19891,191508,1205.9,382.0,11.1,44748,3798,130,1474,9243,8571,5919,4708,3373,83974.6
1211011,4378,33373,89.6,74.8,20.2,4757,3995,653,51,1615,1348,1484,1442,1484,28962.8
1211032,121,22527,48.7,11.0,2.9,5973,3958,104,218,329,309,29,27,0,400.3
1211042,7631,7631,58.4,26.7,10.2,1948,3890,123,62,562,114,7200,7631,0,21056.9
1211052,18589,18589,333.2,107.9,27.2,5425,2549,87,212,4569,784,5860,18212,0,78369.4
1211062,6809,6809,43.3,24.2,19.4,1962,4096,119,57,7520,742,200,5963,0,12996.0
1211082,9341,9341,57.1,20.8,4.1,2333,3097,74,126,201,74,850,8745,0,18452.6
1211092,2242,24015,123.2,7.2,3.2,5780,4116,116,208,1818,1763,530,449,0,6480.6
1211102,8564,8564,127.2,0.4,0.2,2236,4448,61,141,1420,1000,961,7141,0,16725.9
1211112,5772,14717,32.2,30.0,4.2,3604,4476,165,89,2283,2195,1480,932,0,11978.6
1211123,5501,17092,53.2,43.3,14.6,3725,4640,247,69,2426,2217,1936,1561,1889,32074.6
1211124,5308,12780,44.8,41.5,16.5,2684,5446,352,36,2348,2142,1889,1529,1889,31622.2
1211125,193,4312,8.4,1.8,8.7,1041,3201,131,33,78,75,47,32,0,452.4
1211132,1869,4533,54.9,3.1,0.2,1105,3728,141,32,772,739,458,295,0,4056.7
1212000,77075,112035,265.4,758.3,27.0,23204,2852,181,618,18054,17898,25627,6853,16129,149777.6
1212011,7674,10197,36.5,46.6,27.2,2171,1713,158,65,1762,1743,1988,849,1988,15469.4
1212032,3807,7786,56.1,50.5,27.5,2240,1687,191,41,2035,2027,1286,649,0,9470.7
1212042,10758,15103,14.7,108.2,24.8,3906,2365,126,119,3209,3197,3757,1044,0,23639.2
1212053,41713,49026,105.1,200.7,27.9,7056,3913,325,151,6276,6206,14019,2974,11592,72773.4
1212054,32660,35608,97.3,99.2,28.7,3444,4353,1388,25,3353,3287,11592,1959,11592,56514.4
1212055,9053,13418,7.8,101.5,25.8,3612,3060,107,126,2923,2919,2427,1015,0,16259.0
1212062,942,7048,27.5,113.0,26.2,2127,3775,74,95,634,613,311,113,0,2403.1
1212073,12181,22875,25.5,239.3,26.2,5704,2874,156,147,4138,4112,4266,1224,2549,26021.8
1212074,6584,8604,22.4,30.0,28.6,1421,3079,850,10,1232,1213,2549,566,2549,13860.3
1212075,5597,14271,3.1,209.3,24.8,4283,2763,104,137,2906,2899,1717,658,0,12161.5
1213000,123049,153737,656.2,993.7,31.5,27994,2725,379,406,24013,22661,40773,12577,26432,195803.8
1213011,33902,38300,118.8,118.2,35.1,3003,2468,1277,30,3058,2702,14188,1742,14188,54901.2
1213023,17478,21270,89.0,128.8,32.2,3796,2984,466,46,3352,3134,5896,1338,3474,26078.2
1213024,9346,11226,42.1,67.5,35.4,1765,3097,590,19,1585,1497,3474,695,3474,15031.2
1213025,8132,10044,46.9,61.3,28.6,2031,2863,378,27,1767,1637,2422,643,0,11047.0
1213033,9048,12999,52.3,62.7,28.5,2276,3449,476,27,2023,1907,2954,1101,2320,14094.3
1213034,6667,9061,31.4,31.5,29.0,1264,4174,1096,8,1159,1082,2320,703,2320,10336.9
1213035,2381,3938,20.9,31.2,27.3,1012,2446,207,19,864,825,634,398,0,3757.4
1213043,27632,34193,173.3,217.7,27.8,6786,3392,449,76,5935,5705,8220,3373,5526,46946.3
1213044,17090,18744,84.1,74.4,27.8,2859,3834,813,23,2679,2517,5526,1897,5526,31624.2
1213045,10542,15449,89.2,143.3,27.8,3927,2964,291,53,3256,3188,2694,1476,0,15322.1
1213052,5925,8207,45.6,88.4,26.6,2054,3429,201,41,1575,1489,1518,601,0,6034.3
1213062,12786,18422,15.5,171.5,33.6,4997,1874,246,75,3810,3620,3761,1888,0,26013.3
1213072,3537,4297,7.4,42.9,36.1,1057,3882,180,24,917,890,856,594,0,4331.2
1213082,5633,6751,36.3,59.5,34.9,1719,2807,190,35,1404,1379,1430,757,0,6429.3
1213093,7108,9298,118.0,104.0,27.8,2306,2200,180,52,1939,1835,1950,1183,924,10975.7
1213094,3172,3698,38.8,34.3,26.1,815,2491,321,12,755,674,924,549,924,6363.2
1213095,3936,5600,79.2,69.7,28.9,1491,2044,140,40,1184,1161,1026,634,0,4612.5
1214000,6728,43523,246.3,777.6,33.7,11548,3001,105,415,2777,2544,1957,1181,477,20744.8
1214012,5010,9020,75.2,222.1,43.1,2434,2959,102,89,2001,1887,1354,659,0,12432.0
1214022,18,5508,115.5,95.3,23.9,1802,2587,83,66,0,0,6,2,0,37.7
1214033,330,5752,18.7,103.0,26.2,1661,3102,106,54,134,107,103,89,91,1430.3
1214034,287,1683,17.3,15.1,27.8,519,3098,232,8,102,87,91,77,91,1205.5
1214035,43,4069,1.4,87.9,25.5,1142,3104,86,46,32,20,12,12,0,224.8
1214053,1360,16243,28.6,223.1,30.4,3723,3450,162,100,625,534,491,430,386,6840.2
1214054,992,6012,25.5,35.1,39.0,977,3743,820,7,480,401,386,361,386,5524.7
1214055,368,10231,3.1,188.0,25.4,2746,3294,110,93,145,133,105,69,0,1315.5
1214062,10,3417,2.0,92.4,49.3,941,2268,59,58,17,16,3,1,0,4.6
1215000,3639,84255,378.5,362.1,9.1,22384,2717,123,686,1442,1319,1126,569,436,20059.6
1215011,71,5373,10.3,20.7,17.1,1391,2310,255,21,30,29,24,19,24,155.6
1215021,852,9165,75.3,55.4,21.2,1964,2784,331,28,291,235,299,160,299,11048.9
1215032,4,8946,0.5,0.7,0.1,2225,2995,122,74,0,0,1,1,0,21.4
1215052,1547,11146,50.4,60.0,8.7,2961,2860,121,92,578,550,425,169,0,2609.8
1215063,314,16132,92.3,13.9,4.7,4063,2801,148,109,75,54,113,95,113,3334.8
1215064,314,5853,51.5,12.6,12.6,1308,3286,291,20,75,54,113,95,113,3334.8
1215065,10279,10279,40.8,1.3,0.1,2755,2580,116,89,7806,4520,8452,0,0,109075.2
1215072,11888,11888,91.0,94.7,9.0,3943,2645,104,114,874,74,4500,0,0,114526.3
1215092,847,5620,50.6,60.1,13.1,1659,1945,143,39,468,451,263,125,0,2884.9
1216000,137337,201570,1614.9,1759.6,17.0,52930,3583,143,1412,42863,41281,37329,20714,4967,264349.9
1216013,5466,11232,40.6,53.3,3.7,3019,3149,109,103,2005,1899,1541,675,484,9140.0
1216014,1496,2469,14.6,10.5,12.3,755,3410,247,11,580,535,484,261,484,3602.0
1216015,3970,8763,26.0,42.8,1.3,2264,3082,94,92,1425,1364,1057,414,0,5538.0
1216022,4407,8899,28.9,109.9,13.3,2299,4065,128,70,1376,1318,1172,578,0,6449.4
1216032,10712,15332,126.2,161.3,28.7,4018,3143,147,105,3355,3248,2895,1505,0,21439.5
1216042,8141,11955,73.4,110.7,12.5,3204,4442,144,83,2701,2621,2274,1332,0,15300.5
1216053,6583,9750,68.6,82.0,22.2,2723,3393,113,86,2313,2232,1827,969,567,11949.8
1216054,2135,2767,31.4,14.0,21.1,744,3290,164,17,673,645,567,328,567,3953.8
1216055,4448,6983,37.2,68.0,22.7,1979,3435,101,69,1640,1587,1260,641,0,7996.0
1216063,6606,11694,89.7,59.2,2.6,3126,4444,100,117,2036,1970,1667,720,423,8367.0
1216064,1585,2831,27.0,15.6,3.3,809,4783,113,25,519,498,423,200,423,2506.3
1216065,5021,8863,62.7,43.6,2.4,2317,4344,96,92,1517,1472,1244,520,0,5860.7
1216072,3823,6742,41.5,36.2,0.8,1854,2979,95,71,1238,1191,1016,390,0,4262.2
1216082,10206,14254,148.4,156.4,14.4,3607,3376,166,86,3095,2979,2729,1503,0,19141.2
1216092,22075,26028,289.0,224.5,27.2,6820,4381,315,83,6394,6194,6115,3946,0,59445.5
1216103,9427,18043,118.3,177.0,15.0,4387,4492,181,100,3014,2892,2547,1576,1066,17091.2
1216104,3710,6671,67.7,44.9,18.7,1453,4522,369,18,1097,1031,1066,783,1066,8897.5
1216105,5717,11372,50.6,132.1,12.8,2934,4475,139,82,1917,1861,1481,793,0,8193.7
1216112,8973,10825,185.2,97.7,22.2,2909,3094,144,75,2700,2588,2414,1364,0,17304.1
1216122,2374,3989,46.9,55.7,25.1,1117,2121,82,48,987,943,668,311,0,3942.8
1216133,11063,13481,31.8,114.5,18.9,3440,3689,170,79,3156,3034,2910,1622,888,21034.8
1216134,3278,3330,30.8,25.8,21.4,858,3359,392,8,851,788,888,504,888,7453.7
1216135,7785,10151,1.0,88.7,18.1,2582,3817,143,71,2305,2246,2022,1118,0,13581.1
1216143,6944,12459,79.8,69.3,2.5,3601,3421,102,122,2430,2323,2037,997,422,14058.5
1216144,1421,1642,21.8,34.7,7.2,446,2255,408,4,456,404,422,284,422,4008.3
1216145,5523,10817,58.0,34.6,1.8,3155,3720,92,118,1974,1919,1615,713,0,10050.2
1216153,14568,18912,193.6,196.6,29.6,4672,3050,186,102,4288,4120,4012,2619,1117,30023.5
1216154,3943,4248,52.7,22.5,27.3,989,2246,382,11,963,925,1117,750,1117,10290.8
1216155,10625,14664,140.9,174.1,30.3,3683,3397,162,91,3325,3195,2895,1869,0,19732.7
1216162,5969,7975,53.0,55.3,7.4,2134,3823,97,82,1775,1729,1505,607,0,5399.9
1217000,2936,68146,412.4,291.0,32.0,17127,3741,144,472,1904,1679,1356,1313,1308,36241.3
1217011,2747,27191,175.1,114.7,49.1,5849,2943,323,84,1809,1589,1308,1269,1308,35357.6
1217032,13351,13351,67.1,35.0,14.3,3504,4325,101,132,0,0,0,0,0,145871.5
1217042,3,8784,57.7,68.7,15.1,2791,3479,64,137,0,0,1,1,0,0.6
1217052,175,11636,83.8,58.5,31.5,3108,4884,139,84,95,90,47,43,0,883.1
1218000,102323,160130,821.5,1195.3,23.7,35906,2911,248,646,27201,26414,30588,15246,12764,186897.2
1218013,32230,43654,282.8,206.0,22.3,7993,4106,435,100,6497,6277,10265,3602,6763,51970.6
1218014,18917,20260,63.2,53.0,26.2,1886,4919,1961,10,1944,1800,6763,1385,6763,28296.1
1218015,13313,23394,219.6,153.0,18.9,6107,3562,260,90,4553,4477,3502,2217,0,23674.5
1218022,6750,10345,39.1,147.8,30.7,3086,2784,156,66,2313,2252,2033,1394,0,14195.6
1218033,10497,20045,19.0,152.7,22.8,5149,3058,266,75,4058,3927,2975,2164,738,27542.8
1218034,2269,4515,19.0,25.6,30.6,1039,2401,821,6,895,840,738,598,738,9078.3
1218042,2386,6235,10.8,87.4,13.2,1747,2798,154,40,1035,993,676,363,0,5703.1
1218052,137,4122,75.0,74.0,19.5,1274,494,110,37,48,41,38,15,0,249.3
1218062,7583,10379,31.2,88.1,31.5,2598,3176,202,52,2083,2055,1849,1066,0,10238.3
1218072,2623,6856,92.5,53.3,9.3,1973,1772,149,46,1106,1064,778,372,0,5245.8
1218082,4721,8171,26.2,103.0,28.6,2025,3118,197,42,1575,1540,1255,744,0,8944.5
1218093,26795,37934,187.6,144.2,24.0,7067,3669,336,113,6063,5910,8631,4419,5263,51635.1
1218094,14670,18774,87.0,60.4,32.1,2101,4742,1781,11,1957,1885,5263,2045,5263,29595.7
1218095,12125,19160,100.6,83.8,16.1,4966,2983,187,102,4106,4025,3368,2374,0,22039.4
1218102,8601,12389,57.3,138.8,27.4,2994,3403,166,75,2423,2355,2088,1107,0,11172.1
1219000,109396,127078,470.5,1325.2,32.2,34219,2798,309,411,31778,28802,34197,23155,12195,344123.1
1219012,8345,10330,5.6,105.7,19.4,2900,3337,251,41,2514,2310,2398,1443,0,20536.6
1219022,13111,18188,38.9,367.7,30.5,4987,3406,167,109,4270,3991,3703,2024,0,29960.6
1219032,10544,10691,58.8,94.9,28.2,3114,1814,165,65,2848,2402,2734,1523,0,24967.2
1219043,26632,28455,255.8,285.1,40.0,7935,2856,296,96,7659,6903,8307,5797,4342,84894.6
1219044,12636,13001,83.1,111.7,49.3,3534,2233,474,28,3620,3198,4342,3538,4342,50935.5
1219045,13996,15454,172.7,173.4,32.3,4401,3599,224,68,4039,3705,3965,2259,0,33959.1
1219053,50764,59414,111.4,471.8,32.0,15283,2823,596,100,14487,13196,17055,12368,7853,183764.1
1219054,20673,23395,71.0,135.8,38.1,4635,3708,1745,13,4628,4001,7853,5405,7853,84587.2
1219055,30091,36019,40.4,336.0,28.1,10648,2453,418,87,9859,9195,9202,6963,0,99176.9
1261000,537340,771069,1505.7,1477.2,46.4,49890,5324,2359,327,54537,46016,251926,63145,251926,1564331.0
1261011,537340,771069,1505.7,1477.2,46.4,49890,5324,2359,327,54537,46016,251926,63145,251926,1564331.0
1262000,74128,83896,336.1,280.7,23.5,11958,6874,1457,58,11412,10693,25930,8238,25930,169439.2
1262011,74128,83896,336.1,280.7,23.5,11958,6874,1457,58,11412,10693,25930,8238,25930,169439.2
1263000,102615,109062,367.4,323.8,35.0,11368,3746,1507,72,12185,10516,35221,10869,35221,191518.4
1263011,102615,109062,367.4,323.8,35.0,11368,3746,1507,72,12185,10516,35221,10869,35221,191518.4
1801000,202,21879,50.9,93.0,19.4,3800,1088,19,1139,37,30,47,17,1,353.8
1801032,109,2410,4.1,22.1,18.5,604,636,13,185,1,0,26,5,0,99.2
1801083,93,17368,26.3,67.2,19.6,2824,1346,36,479,36,30,21,12,1,254.6
1801084,11,9132,22.0,12.5,25.8,807,3370,544,17,2,1,1,1,1,82.2
1801085,82,8236,4.3,54.7,12.8,2017,798,18,462,34,29,20,11,0,172.4
1802000,51677,65713,581.0,99.9,3.0,17323,2935,122,539,14646,14153,14391,2496,2369,75871.3
1802013,24135,26629,224.5,21.9,4.9,6032,3666,258,103,5824,5604,6525,1291,2369,43769.4
1802014,7362,7455,80.3,20.9,17.4,1319,3374,651,11,1466,1335,2369,525,2369,21015.9
1802015,16773,19174,144.2,1.0,0.1,4713,3795,209,92,4358,4269,4156,766,0,22753.5
1802022,3853,6094,56.3,33.9,1.8,1853,2660,108,57,1291,1247,1136,135,0,3693.4
1802032,5578,7937,93.2,1.3,0.5,2152,2133,61,130,1608,1554,1470,142,0,4999.7
1802042,7589,9128,151.0,0.9,0.3,2663,3192,127,72,2364,2299,2217,528,0,11739.8
1802052,6109,7829,45.9,22.4,4.5,2158,3119,137,57,1809,1761,1672,265,0,7398.0
1802062,4413,8096,10.1,19.5,1.7,2465,2193,67,121,1750,1688,1371,135,0,4271.0
1803000,112804,135471,890.1,1013.9,23.1,27503,2991,174,777,24167,23097,31694,12304,16172,176690.0
1803011,44305,45817,176.3,143.3,29.8,5773,4202,1354,34,5914,5463,14370,4308,14370,79581.8
1803023,9754,13090,54.8,96.3,7.8,3223,3399,107,122,2590,2493,2387,890,687,10967.0
1803024,2606,2742,14.5,54.7,29.3,672,3206,313,9,656,616,687,382,687,4562.3
1803025,7148,10348,40.3,41.6,2.1,2551,3453,91,113,1934,1877,1700,508,0,6404.7
1803032,9653,13095,95.0,195.1,31.8,3257,1974,88,148,2686,2607,2514,1324,0,13617.6
1803042,19909,25777,301.8,201.5,22.0,6060,2409,187,138,5059,4899,5279,2355,0,33550.2
1803063,14132,18217,62.0,204.3,16.1,4392,2952,110,165,3877,3733,3441,1478,1115,19006.7
1803064,4100,4903,31.9,42.8,21.1,1291,2771,306,16,1197,1120,1115,705,1115,8223.4
1803065,10032,13314,30.1,161.5,14.3,3101,3024,89,149,2680,2613,2326,773,0,10783.3
1803072,11573,14078,197.8,173.4,27.3,3363,2472,128,110,3088,2985,2892,1733,0,16389.2
1804000,89087,120714,1169.4,1074.5,29.0,25055,2207,117,1029,21064,20105,26517,10027,14675,173152.9
1804011,36334,37690,123.6,109.1,29.1,4913,4782,1089,35,5245,4820,12684,4474,12684,98503.5
1804021,4479,5314,25.4,22.0,33.3,890,2451,390,14,813,765,1265,466,1265,7222.4
1804032,3577,5539,80.4,60.4,25.2,1269,1674,113,49,1136,1099,870,238,0,4301.3
1804042,9684,13202,212.6,148.1,37.9,3318,2059,116,113,2906,2822,2661,1383,0,16835.6
1804052,2770,6967,47.5,86.0,30.2,1565,1485,50,138,1123,1065,725,258,0,3492.7
1804062,6555,8448,157.5,84.7,35.2,2349,2222,178,47,2153,2091,1928,980,0,13527.0
1804073,6822,9793,91.0,117.8,16.1,2539,2471,122,80,1977,1929,1695,510,726,6461.3
1804074,2783,3774,30.0,44.9,17.2,996,2985,190,20,802,775,726,280,726,3493.5
1804075,4039,6019,61.0,72.9,15.4,1543,2234,100,60,1175,1154,969,230,0,2967.8
1804082,4700,11478,111.8,118.9,22.4,2674,1040,63,182,1359,1329,1162,222,0,5231.1
1804092,2461,4363,76.2,62.3,22.5,1129,2937,76,57,909,870,618,241,0,2482.8
1804102,4316,6228,133.7,86.5,39.1,1648,2071,91,69,1340,1291,1078,431,0,4588.1
1804112,7389,11692,109.7,178.7,27.4,2761,1601,48,245,2103,2024,1831,824,0,10507.1
1805000,98017,113962,880.7,407.9,11.6,25986,2908,137,831,24568,23500,29068,12889,12662,168975.5
1805011,34476,35192,229.7,171.8,28.1,5081,3550,964,37,5853,5379,12268,5238,12268,75348.6
1805032,6751,8862,57.8,66.8,7.9,2355,2537,102,86,2048,1981,1768,814,0,9156.9
1805042,14501,16357,286.2,21.7,1.3,4489,3047,176,93,4325,4203,4054,1964,0,26349.8
1805053,7558,8947,55.1,10.9,3.4,2246,3153,146,61,2085,2028,1914,932,394,9922.7
1805054,1387,1403,7.7,4.3,15.8,392,2691,196,7,418,391,394,236,394,2795.8
1805055,6171,7544,47.4,6.6,1.0,1854,3260,140,54,1667,1637,1520,696,0,7126.9
1805062,1886,1886,11.1,13.5,21.3,450,749,9,205,0,0,0,0,0,0.0
1805072,6588,9101,79.5,15.6,2.5,2468,2443,88,104,2164,2077,1806,617,0,7842.0
1805082,4550,5382,35.7,23.0,4.2,1442,2326,89,60,1366,1330,1086,417,0,4591.0
1805092,10242,12521,85.1,43.3,6.3,3378,2803,160,78,2995,2874,2785,1347,0,15886.5
1805112,8003,9165,40.5,41.3,5.1,2533,3788,147,62,2390,2313,2196,1168,0,14402.0
1806000,39051,62476,744.1,759.4,22.4,15847,2475,81,774,12638,12065,10820,5262,2647,58359.8
1806012,4461,8104,120.0,139.7,21.0,2087,2277,60,134,1404,1353,1135,618,0,4536.0
1806023,18724,24859,104.9,206.7,24.4,6085,2661,146,171,5304,5014,5555,2787,2647,33999.6
1806024,8470,9133,45.7,42.6,26.8,1676,2750,1150,8,1764,1589,2647,1169,2647,17834.3
1806025,10254,15726,59.2,164.1,23.1,4409,2611,97,163,3540,3425,2908,1618,0,16165.3
1806032,6400,9887,194.6,144.2,18.7,2602,2124,64,155,2043,1984,1662,748,0,7643.6
1806042,3981,6053,144.3,96.0,26.9,1561,2086,64,95,1219,1169,1026,579,0,4809.2
1806052,2985,7078,72.0,90.8,22.6,1906,2989,73,97,1442,1383,809,222,0,4205.1
1806062,2500,6495,108.3,82.0,17.2,1606,2676,53,122,1226,1162,633,308,0,3166.3
1807000,98295,112414,1246.6,541.6,9.5,29607,3013,113,993,27343,26467,27231,15318,4157,181752.7
1807012,12221,13463,161.1,111.1,12.5,3788,4048,174,77,3632,3523,3370,2127,0,20261.4
1807023,10588,14631,100.9,103.9,15.1,3960,2254,62,235,3037,2934,3151,1329,617,16422.7
1807024,1818,2083,8.4,9.0,17.4,368,2663,380,5,374,329,617,229,617,4305.1
1807025,8770,12548,92.5,94.9,14.7,3592,2197,55,230,2663,2605,2534,1100,0,12117.6
1807033,10179,10885,96.6,24.1,8.2,2466,3970,239,46,2465,2363,2650,1543,708,19718.5
1807034,1784,1793,11.2,4.9,31.6,410,1908,304,6,496,446,708,483,708,6885.2
1807035,8395,9092,85.4,19.2,3.6,2056,5081,230,40,1969,1917,1942,1060,0,12833.3
1807043,15025,15449,185.2,35.8,6.0,4025,2936,264,59,4106,3950,4250,2827,1732,33473.8
1807044,5716,5759,48.2,19.0,10.7,1362,2052,543,11,1462,1382,1732,1151,1732,16056.1
1807045,9309,9690,137.0,16.8,3.2,2663,3946,202,48,2644,2568,2518,1676,0,17417.7
1807052,9376,11212,124.4,59.2,6.6,3144,3336,120,93,2884,2787,2742,1598,0,18185.0
1807062,5321,5645,71.9,9.1,18.3,1533,2237,346,16,1488,1437,1426,1062,0,11779.7
1807072,13045,13684,185.0,75.2,10.5,3657,4088,267,51,3609,3516,3490,2404,0,26126.2
1807083,14806,15905,214.7,76.5,6.7,3796,2592,95,167,3735,3610,3910,1207,1100,23149.4
1807084,3641,3819,41.8,13.8,11.7,905,2929,308,12,915,872,1100,368,1100,7350.4
1807085,11165,12086,172.9,62.7,5.1,2891,2504,78,155,2820,2738,2810,839,0,15799.0
1807092,7734,9323,104.2,33.4,5.4,2739,3528,112,83,2387,2347,2242,1221,0,12636.0
1807102,0,2217,2.6,13.3,8.5,499,1462,13,166,0,0,0,0,0,0.0
1808000,42663,69562,596.2,642.1,23.5,15764,2274,119,584,11883,11226,12526,4886,6184,58874.3
1808011,12717,13891,49.1,57.0,26.0,2384,3422,675,21,2458,2281,4239,1430,4239,24773.4
1808022,3245,8028,103.8,102.7,21.2,2289,2560,102,79,1265,1218,897,461,0,3834.1
1808032,998,5734,111.5,75.8,22.6,1500,1174,40,142,527,496,281,95,0,1430.1
1808042,11600,20296,174.4,231.2,23.7,5285,2226,102,199,4044,3864,3059,1537,0,14273.1
1808053,14103,21613,157.4,175.4,22.7,4306,2286,150,144,3589,3367,4050,1363,1945,14563.6
1808054,5683,5880,16.4,5.7,26.5,339,2729,643,9,418,373,1945,193,1945,5304.5
1808055,8420,15733,141.0,169.7,21.3,3967,2148,117,135,3171,2994,2105,1170,0,9259.1
1809000,22788,55652,619.9,608.1,27.1,13260,1645,43,1308,6991,6537,7173,3297,4925,55783.1
1809011,10036,12078,43.5,33.1,28.4,2118,3683,469,26,2109,1898,3453,1438,3453,33045.4
1809023,3313,7220,121.4,64.8,31.8,1619,1586,33,219,1101,1053,942,524,388,6038.0
1809024,1308,1930,23.8,8.6,34.9,417,2084,128,15,320,301,388,246,388,3027.8
1809025,2005,5290,97.6,56.2,30.7,1202,1461,26,204,781,752,554,278,0,3010.2
1809032,55,4727,73.7,58.0,20.0,1190,1124,23,203,28,17,16,15,0,1164.7
1809042,2820,9183,156.2,152.9,27.2,2413,1382,45,203,1211,1174,760,369,0,3595.4
1809053,1822,8045,98.2,96.7,18.0,2442,1891,40,203,890,849,604,244,362,3764.0
1809054,1072,2076,32.5,7.7,18.1,576,2282,167,12,423,395,362,166,362,2661.4
1809055,750,5969,65.7,89.0,18.0,1866,1786,31,191,467,454,242,78,0,1102.6
1809063,3569,6345,68.0,74.0,30.5,1375,1589,42,152,1084,1003,1074,571,722,7020.2
1809064,2152,2993,21.0,10.6,21.3,544,3896,589,5,461,412,722,439,722,5604.8
1809065,1417,3352,47.0,63.4,38.9,831,1037,23,147,623,591,352,132,0,1415.4
1809072,42300,42300,58.9,60.4,36.6,1075,1328,27,156,0,0,0,39685,0,495282.6
1810000,61139,80834,1126.5,792.7,29.7,21275,2985,179,452,18328,17655,18062,8065,5949,123430.7
1810011,17669,17738,141.1,94.0,32.5,3462,2753,913,19,3627,3389,5949,2729,5949,49144.2
1810022,6285,8703,211.1,109.8,27.2,2382,2016,155,56,2010,1949,1722,516,0,11433.3
1810032,8595,11752,159.0,143.6,28.5,3328,2665,151,78,2764,2675,2369,935,0,15043.4
1810042,17762,21817,372.5,213.2,34.3,6150,4271,205,107,5422,5277,4909,2407,0,31307.8
1810052,3978,6504,43.5,56.5,21.6,1962,3596,95,69,1493,1449,1190,463,0,5936.0
1810062,3194,7323,67.5,96.9,25.1,1900,3554,110,66,1397,1358,825,412,0,4351.4
1810072,3656,6997,131.8,78.7,25.4,2091,2388,123,57,1615,1558,1098,603,0,6214.6
1811000,92965,136673,818.8,1356.2,31.2,26304,2680,155,881,19781,18842,29930,8613,21462,173023.5
1811011,58140,60478,220.8,181.9,34.6,6310,3337,1290,47,7044,6546,20526,4240,20526,108291.6
1811022,94,5576,25.8,102.9,32.1,1463,2600,101,55,75,73,25,16,0,229.4
1811032,1663,7066,60.3,120.3,30.8,1875,2259,88,80,773,744,453,261,0,3756.1
1811042,40,2749,0.2,56.9,30.7,773,2311,81,34,11,11,11,6,0,67.8
1811052,9607,13341,169.2,167.8,29.6,3562,2739,109,123,3097,3010,2654,1219,0,21261.8
1811062,2763,5370,93.3,70.1,26.7,1525,1479,75,71,1282,1220,785,368,0,4365.9
1811073,6421,11984,44.1,178.0,24.9,3026,2417,89,134,2096,2022,1713,750,312,9293.3
1811074,1139,1768,5.7,13.5,26.2,375,2054,110,16,296,276,312,194,312,2181.3
1811075,5282,10216,38.4,164.5,24.7,2651,2492,86,118,1800,1746,1401,556,0,7112.0
1811083,7433,14220,112.0,195.6,24.4,3567,2163,89,160,2681,2570,1935,920,624,13413.3
1811084,2359,3196,30.0,21.4,28.7,755,2739,364,9,711,656,624,389,624,5689.8
1811085,5074,11024,82.0,174.2,23.2,2812,2043,73,151,1970,1914,1311,531,0,7723.5
1811092,3231,8187,55.9,110.7,30.2,2242,2118,92,89,1113,1072,900,457,0,6060.1
1811102,3573,7702,37.2,172.0,34.2,1961,3013,89,87,1609,1574,928,376,0,6284.2
1812000,33574,66843,632.2,800.1,20.7,17278,2441,85,786,11749,11452,10323,2651,5958,59628.1
1812012,408,6140,10.8,101.6,21.3,1729,1652,37,168,297,286,121,45,0,559.2
1812022,5402,5402,100.0,87.7,23.1,1401,2497,59,91,0,0,0,5004,0,100452.6
1812032,4293,10156,157.4,109.7,18.9,2408,3657,82,124,1966,1938,1047,264,0,5410.7
1812042,1893,4286,36.2,80.8,21.9,1243,1932,69,62,959,937,572,155,0,2792.0
1812053,16756,22413,156.8,186.6,19.3,5018,2780,157,142,4475,4341,5386,1390,4138,30643.6
1812054,12366,15359,94.4,106.1,21.4,3043,2968,252,61,2800,2690,4138,1013,4138,23335.6
1812055,4390,7054,62.4,80.5,14.8,1975,2442,87,81,1675,1651,1248,377,0,7308.0
1812063,6574,10140,43.9,120.1,21.1,2982,2110,129,79,2284,2224,2071,554,1452,14359.3
1812064,4347,6726,29.8,51.7,12.6,2015,2224,184,37,1512,1463,1452,443,1452,11252.4
1812065,2227,3414,14.1,68.4,38.0,967,1915,81,42,772,761,619,111,0,3106.9
1812073,3650,8306,127.1,113.6,23.2,2497,2299,70,119,1768,1726,1126,243,368,5863.3
1812074,1058,1424,12.1,19.3,33.4,493,1652,174,8,462,441,368,109,368,2586.2
1812075,2592,6882,115.0,94.3,21.1,2004,2503,62,111,1306,1285,758,134,0,3277.1
1813000,37548,74398,765.1,562.9,16.0,18958,1856,61,1211,11137,10677,10061,5533,0,64491.9
1813012,285,6605,45.1,12.0,4.6,1630,1278,26,254,95,91,80,6,0,210.9
1813022,3535,9241,61.7,36.3,4.2,2806,2427,60,154,1298,1238,1085,450,0,4431.7
1813032,295,5549,61.3,10.2,4.9,1410,1569,35,160,122,116,77,41,0,441.0
1813042,2661,5193,67.3,51.8,18.0,1325,1718,42,124,887,834,711,451,0,5736.9
1813052,4857,4857,34.0,4.1,1.1,1322,1751,51,95,0,0,0,3968,0,74528.4
1813062,4581,6535,92.5,68.9,27.1,1528,1040,108,61,1256,1180,1120,806,0,6701.4
1813072,6867,8872,151.1,103.6,32.8,2027,2540,126,70,1804,1728,1664,523,0,9957.9
1813082,7364,10640,54.7,83.5,13.2,2750,2547,98,108,2159,2098,2104,1360,0,15647.6
1813092,2093,3903,64.4,57.5,23.9,907,1430,44,89,792,752,577,280,0,3294.3
1813102,9867,13003,133.0,135.0,22.9,3253,2593,136,96,2724,2640,2643,1616,0,18070.2
1814000,50988,78458,999.8,788.8,23.5,20479,2278,112,698,14999,14340,15212,6732,5750,80156.8
1814011,13647,15376,97.2,95.9,29.6,2661,3122,695,22,2460,2269,4467,1715,4467,29126.5
1814022,14,4074,75.6,41.8,30.2,1010,1317,30,134,0,0,0,0,0,0.0
1814032,3000,4591,73.4,46.9,23.3,1393,3530,128,36,1065,1022,865,325,0,3770.4
1814042,2107,4465,4.8,9.9,5.3,1626,1512,71,63,933,890,720,259,0,2458.3
1814053,7630,12347,129.8,156.0,19.8,3673,2752,118,105,2630,2521,2448,1123,773,11100.5
1814054,2448,3171,22.8,14.3,24.9,644,3520,417,7,569,524,773,318,773,4013.6
1814055,5182,9176,107.0,141.7,18.1,3029,2558,94,98,2061,1997,1675,805,0,7086.9
1814062,10371,14900,236.0,160.0,22.1,4258,2267,164,91,3448,3355,2883,1397,0,15489.3
1814073,3752,7008,106.7,95.6,24.3,1641,1416,55,128,1228,1159,1037,559,510,5669.8
1814074,1676,2140,12.3,11.7,31.3,353,2083,318,7,346,305,510,376,510,3769.2
1814075,2076,4868,94.4,83.9,21.3,1288,1239,40,121,882,854,527,183,0,1900.6
1814082,4984,8461,189.2,106.0,24.5,2472,2140,121,70,1789,1727,1368,686,0,6244.0
1814092,5483,7236,87.1,76.7,25.0,1745,3259,147,49,1446,1397,1424,668,0,6298.0
1815000,47120,74374,605.7,617.0,19.7,17655,2419,136,548,13184,12700,13508,4301,7059,75428.8
1815012,4385,7727,78.5,91.8,20.2,2099,2718,118,66,1449,1403,1208,489,0,6216.5
1815022,3340,7344,145.7,126.3,23.7,1992,1449,76,96,1253,1216,893,293,0,4211.9
1815033,19462,27440,152.5,177.2,18.2,5809,2788,197,139,4764,4589,5626,1648,4070,27450.8
1815034,13425,15856,110.0,98.9,24.9,2868,2560,337,47,2635,2514,4070,1215,4070,20084.9
1815035,6037,11584,42.5,78.3,9.0,2941,3183,126,92,2129,2075,1556,433,0,7365.9
1815043,16359,23640,229.0,213.7,25.8,5598,2432,153,154,4561,4375,4838,1650,2989,33377.5
1815044,6542,7546,55.4,30.4,38.0,1333,2790,758,10,1363,1249,2989,1110,2989,24997.1
1815045,9817,16094,173.6,183.3,20.1,4265,2293,112,144,3198,3126,1849,540,0,8380.4
1816000,112086,170486,1842.4,1618.5,22.3,47169,2413,148,1153,38232,37019,32131,16783,6237,257393.6
1816011,3712,6138,33.9,20.0,11.3,1391,4290,250,25,989,926,1160,490,1160,6399.9
1816023,2096,10826,33.0,82.5,6.9,3538,1731,96,113,1579,1502,693,374,127,5217.9
1816024,409,2151,28.0,23.3,19.5,553,3029,509,4,486,436,127,97,127,1536.6
1816025,1687,8675,5.0,59.2,3.7,2985,1563,80,109,1093,1066,566,277,0,3681.3
1816033,17743,20608,322.4,236.0,28.2,5159,3454,232,89,4827,4732,5257,2878,1836,44411.4
1816034,6077,6117,57.3,50.9,33.6,1160,2953,671,8,1185,1153,1836,794,1836,17513.6
1816035,11666,14491,265.1,185.1,26.0,3999,3725,181,81,3642,3579,3421,2084,0,26897.8
1816042,4263,6921,89.5,50.6,5.1,2133,2615,131,53,1615,1577,1324,685,0,9757.6
1816052,3786,6941,1.0,4.1,1.2,2074,1651,58,118,1400,1335,1104,384,0,4081.0
1816063,14467,20159,179.4,212.2,31.9,5693,1991,139,145,5063,4900,3952,2277,1677,40097.9
1816064,5400,6568,38.2,56.8,33.3,1758,2205,479,14,1665,1627,1677,1190,1677,18222.6
1816065,9067,13591,141.2,155.4,31.3,3935,1904,104,131,3398,3273,2275,1087,0,21875.3
1816072,4063,7044,60.1,101.2,11.6,2069,3175,137,51,1414,1396,1195,354,0,5719.5
1816082,3402,6866,122.5,68.6,22.2,1574,3972,93,74,1158,1084,793,388,0,3684.9
1816092,9877,11332,129.5,111.8,28.5,3352,3116,290,39,3149,3082,2953,1661,0,26837.2
1816102,2643,6428,100.0,138.2,11.2,2067,3099,117,55,1130,1100,884,355,0,6096.0
1816113,7284,17242,232.6,179.9,24.4,4016,3450,128,134,3107,2933,1856,714,551,13514.7
1816114,1829,4165,36.0,33.4,27.0,992,2469,268,16,886,829,551,263,551,6432.3
1816115,5455,13077,196.6,146.5,23.5,3024,3938,110,118,2221,2104,1305,451,0,7082.4
1816122,13596,16071,161.9,162.7,26.6,4570,2405,149,108,4273,4149,3819,1830,0,28326.4
1816132,18395,21907,297.0,178.8,32.7,6059,1430,243,90,5736,5579,5332,3182,0,44642.6
1816143,6759,12003,79.6,71.9,16.7,3474,3409,203,59,2792,2724,1809,1211,886,18606.6
1816144,2817,3816,43.2,27.9,25.3,1097,2677,395,9,1023,988,886,668,886,9928.0
1816145,3942,8187,36.4,44.0,12.7,2377,3901,166,50,1769,1736,923,543,0,8678.6
1817000,75575,94758,774.3,508.6,17.0,18346,2333,82,1156,16018,15251,23407,6723,14039,119054.5
1817011,36196,37577,116.1,105.8,26.7,4093,4382,987,38,4377,4016,12904,2925,12904,63841.5
1817022,4073,4506,68.0,47.3,22.9,1154,3739,164,27,1095,1060,1023,393,0,5166.7
1817032,3869,5550,3.5,30.5,20.5,1296,1492,41,137,1105,1055,969,226,0,4459.1
1817042,0,4631,20.7,17.6,10.9,800,754,12,388,0,0,0,0,0,0.0
1817052,14674,18020,275.6,139.5,6.0,4799,2236,78,232,4269,4135,3751,1329,0,19803.1
1817062,891,1996,4.4,1.5,0.4,520,1145,29,69,356,341,227,72,0,623.6
1817073,8288,13149,137.2,57.2,9.3,3076,2039,82,160,2417,2330,2308,865,1135,12763.9
1817074,3666,5120,57.4,34.8,18.5,1199,2241,230,22,1070,1022,1135,490,1135,7481.1
1817075,4622,8029,79.8,22.4,3.4,1877,1927,58,138,1347,1308,1173,375,0,5282.8
1817082,7584,9329,148.8,109.2,11.1,2608,1990,89,105,2399,2314,2225,913,0,12396.6
1818000,80907,106619,474.2,784.5,29.6,17168,3008,128,832,13343,12688,28317,4750,22054,116262.5
1818011,58004,61182,139.5,120.1,32.0,3806,4030,741,83,4166,3792,21626,1707,21626,65580.5
1818022,3198,7528,53.7,125.2,20.5,2008,1721,42,179,1507,1467,822,381,0,4838.6
1818032,6556,11090,89.3,141.2,29.6,3294,2531,76,147,2525,2448,1957,1136,0,18965.0
1818042,3177,7327,12.1,126.9,32.7,2288,2779,55,134,1616,1560,999,372,0,6425.5
1818053,2625,8580,68.4,126.1,21.2,2518,1725,42,202,702,664,617,271,428,4379.2
1818054,1318,3013,28.4,30.0,18.0,912,1673,264,11,501,473,428,197,428,3089.9
1818055,1307,5567,40.0,96.1,22.9,1606,1755,29,191,201,191,189,74,0,1289.3
1818062,7347,10912,111.2,145.0,27.5,3254,2661,125,87,2827,2757,2296,883,0,16073.7
1819000,44584,61558,284.3,383.0,8.9,16113,3048,122,504,12522,12045,12237,3944,2713,65957.6
1819012,7349,11830,94.5,178.6,8.9,3351,3433,140,85,2383,2289,1994,926,0,13720.9
1819022,8003,10409,85.5,107.3,7.2,2916,2573,115,91,2280,2194,2125,421,0,9704.1
1819032,6264,10532,42.4,0.0,0.0,2857,3480,101,104,2117,2055,1620,630,0,8977.1
1819043,16692,20739,43.8,30.7,9.5,4878,3051,148,140,3961,3800,4863,1601,2713,27073.2
1819044,8625,8902,38.8,25.0,22.1,1571,3370,641,14,1498,1406,2713,1049,2713,17118.2
1819045,8067,11837,5.0,5.7,0.1,3307,2848,94,126,2463,2394,2150,552,0,9955.0
1819052,6276,8048,18.1,66.4,21.3,2111,2809,97,83,1781,1707,1635,366,0,6482.3
1820000,38402,53236,531.1,566.4,24.3,11392,1685,102,521,10462,9989,11427,3440,3653,64627.5
1820013,7453,11909,55.2,148.7,22.6,3174,1902,98,122,2599,2473,2194,810,288,13751.1
1820014,873,1463,10.0,20.5,29.3,479,2283,160,9,416,389,288,184,288,2282.4
1820015,6580,10446,45.2,128.2,21.6,2695,1859,93,113,2183,2084,1906,626,0,11468.7
1820022,11211,13229,168.6,125.2,27.7,2447,2707,192,69,2266,2176,3307,718,0,16143.5
1820032,4705,9959,135.3,175.0,23.7,2739,840,53,187,2698,2583,1318,625,0,7851.6
1820043,15033,18139,172.0,117.5,23.3,3032,2070,126,143,2899,2757,4608,1287,3365,26881.3
1820044,10612,11181,56.8,44.1,26.2,1120,4056,670,17,1169,1082,3365,671,3365,21551.8
1820045,4421,6958,115.2,73.4,18.5,1912,1153,55,126,1730,1675,1243,616,0,5329.5
1821000,5823,26562,202.6,218.1,16.4,6083,1244,32,835,2165,1963,1749,1216,740,14843.1
1821012,165,3175,17.8,12.2,16.8,803,1056,20,158,72,67,52,26,0,145.1
1821022,1781,1781,16.0,15.9,14.8,561,465,6,287,0,0,0,581,0,8475.2
1821033,4994,11341,118.6,55.7,19.2,2145,2263,102,111,1835,1690,1513,1023,740,12376.1
1821034,2057,5431,35.7,6.1,25.9,656,3002,354,15,673,571,740,617,740,7896.2
1821035,2937,5910,82.9,49.6,13.0,1489,1835,62,96,1162,1119,773,406,0,4479.9
1821042,70,4907,2.2,8.6,3.7,1178,1330,52,94,26,20,19,16,0,243.6
1821052,594,5358,48.0,125.7,22.5,1396,898,29,185,232,186,165,151,0,2078.3
1861000,45064,46511,167.7,228.8,29.7,6486,3240,1069,44,7357,6771,16898,6960,16898,109086.0
1861011,45064,46511,167.7,228.8,29.7,6486,3240,1069,44,7357,6771,16898,6960,16898,109086.0
1862000,44181,61251,175.3,160.6,30.9,5327,4040,1327,46,4375,4024,17761,5040,17761,95510.1
1862011,44181,61251,175.3,160.6,30.9,5327,4040,1327,46,4375,4024,17761,5040,17761,95510.1
1863000,173493,191564,757.9,634.8,38.7,20731,4827,1591,120,21860,21080,68453,24874,68453,394254.9
1863011,173493,191564,757.9,634.8,38.7,20731,4827,1591,120,21860,21080,68453,24874,68453,394254.9
1864000,44018,47047,177.4,192.6,30.4,4589,4011,551,85,4768,4371,15883,2688,15883,58261.0
1864011,44018,47047,177.4,192.6,30.4,4589,4011,551,85,4768,4371,15883,2688,15883,58261.0
2401000,96558,148762,422.4,760.4,33.8,26767,2411,409,364,21419,20880,39243,12874,30977,246377.5
2401011,41384,56804,112.4,163.9,32.5,5975,3437,1520,37,5012,4841,17735,4344,17735,83099.8
2401021,21835,31677,57.3,99.1,36.8,3079,4245,1934,16,2366,2277,9894,2083,9894,51460.2
2401031,3231,8936,38.6,56.6,27.8,1778,2443,699,13,1201,1190,1168,729,1168,11815.2
2401042,6800,12044,91.2,95.2,31.7,3774,1833,234,52,3122,3086,2237,1426,0,23445.7
2401052,6201,7664,71.3,89.3,32.4,2086,1863,155,49,1990,1926,2047,696,0,15104.0
2401062,7749,12117,1.3,115.9,40.3,3877,2270,263,46,3211,3170,2737,1740,0,28464.9
2401073,6206,12477,40.5,88.3,34.2,4196,1267,110,114,3261,3164,2240,1247,995,19716.5
2401074,2558,5592,40.5,22.9,38.5,1927,1386,145,39,1545,1496,995,642,995,9752.0
2401081,3152,7043,9.8,52.1,32.3,2002,818,192,37,1256,1226,1185,609,1185,13271.2
2402000,130179,165000,757.3,1267.7,27.4,39101,2684,360,459,34178,32692,39159,23734,12363,325987.4
2402011,3396,5747,34.5,28.6,15.3,2058,2173,147,39,1487,1427,1278,1141,1278,18039.2
2402022,10788,11787,68.8,114.4,35.5,2928,2838,311,38,2557,2463,2753,1495,0,23390.7
2402032,7379,11174,127.9,49.1,10.0,3206,2905,574,19,2476,2434,2164,1522,0,20284.3
2402043,36085,45421,201.1,271.5,32.6,7270,2760,683,66,6636,6321,12103,4815,10384,72627.9
2402044,29698,35919,133.9,166.8,32.4,4985,2983,1091,33,4556,4290,10384,3846,10384,59032.7
2402045,6387,9502,67.2,104.7,33.2,2285,2137,283,33,2080,2031,1719,969,0,13595.2
2402052,18016,24117,43.6,241.5,26.1,5952,2359,263,93,5465,5043,5303,3970,0,49111.2
2402062,6811,7299,26.2,55.8,27.1,2011,2514,345,21,1873,1753,2195,1635,0,27001.5
2402072,12253,12990,50.8,115.8,26.8,3184,3264,486,27,2953,2858,3110,2330,0,29095.6
2402082,12704,15589,37.8,138.1,19.2,4128,2641,242,65,4034,3929,3387,2295,0,24529.0
2402093,13876,17505,105.7,144.8,30.9,4346,2983,305,57,3297,3199,3694,2085,701,26829.6
2402094,2641,3086,19.3,22.7,32.8,781,2624,298,10,611,589,701,357,701,4530.4
2402095,11235,14419,86.4,122.1,30.5,3565,3076,307,47,2686,2610,2993,1728,0,22299.2
2402102,8871,13371,60.9,108.1,30.9,4018,2438,389,34,3400,3265,3172,2446,0,35078.4
2403000,132774,178139,1012.4,1303.0,26.0,40545,2458,244,730,30640,29515,44774,24460,26270,331294.3
2403011,31965,34613,184.3,129.4,32.1,4575,3461,1210,29,5013,4878,11668,4288,11668,60594.0
2403021,13191,16054,112.0,105.2,27.3,3930,1850,272,59,3254,3079,6000,3822,6000,64379.6
2403031,8004,11171,77.5,31.0,11.8,3178,1776,101,109,2483,2302,3243,1796,3243,34362.2
2403042,7615,11187,132.0,69.6,11.2,4654,1764,117,95,3115,3026,3330,2507,0,28123.6
2403052,7215,9809,37.1,68.4,30.7,2275,2301,309,32,1845,1789,1839,1023,0,10541.1
2403062,4594,5824,48.6,74.3,29.9,1393,2331,137,43,1340,1321,1265,915,0,9703.7
2403072,9444,13122,43.0,123.8,24.0,3270,2527,199,66,3317,3213,2949,2274,0,23336.1
2403082,8191,10829,60.5,123.2,26.9,2487,2812,222,49,1061,1052,2332,1283,0,13885.3
2403092,66,12110,64.0,76.7,25.4,3604,2963,144,84,0,0,0,0,0,0.0
2403103,24810,26970,148.7,189.2,26.6,4843,2812,424,64,4238,4021,7202,3579,4547,49416.7
2403104,14349,14469,49.1,59.5,29.1,1810,3566,1469,10,1412,1264,4547,1675,4547,28190.7
2403105,10461,12501,99.6,129.7,23.7,3033,2235,233,54,2826,2757,2655,1904,0,21226.0
2403113,8510,13197,13.4,112.6,31.1,3103,2254,225,59,2302,2218,2469,1520,812,17738.7
2403114,2493,3680,8.5,22.0,29.8,711,2669,585,6,464,427,812,394,812,5378.0
2403115,6017,9517,4.9,90.6,31.6,2392,2123,182,53,1838,1791,1657,1126,0,12360.7
2403122,9169,13253,91.3,199.6,22.9,3233,2224,320,41,2672,2616,2477,1453,0,19213.3
2404000,30149,134919,620.8,1482.5,29.4,41960,1703,89,1521,12099,11778,9940,7130,286,98051.9
2404013,752,12995,34.8,87.2,30.0,2969,2775,195,67,103,97,291,192,286,3153.6
2404014,735,9594,31.7,54.9,29.6,1944,3061,262,36,99,93,286,187,286,3072.2
2404015,17,3401,3.1,32.3,31.1,1025,2183,114,31,4,4,5,5,0,81.4
2404022,5,3865,2.0,72.7,30.3,1526,1333,39,100,0,0,2,1,0,37.3
2404032,17,5964,39.2,79.6,31.0,2254,1230,41,146,0,0,4,1,0,46.4
2404042,2609,5579,54.1,48.9,33.0,1919,1683,120,46,1165,1142,1015,770,0,8868.2
2404052,1224,13524,64.9,188.1,26.2,4552,1850,92,147,621,596,425,338,0,5231.7
2404063,29,9500,26.9,108.1,16.8,2885,1588,65,147,0,0,1,0,0,9.6
2404064,26,5950,26.9,36.3,20.5,1507,1749,161,37,0,0,0,0,0,0.0
2404072,1859,10737,61.7,100.0,26.8,3159,2438,137,79,903,872,565,418,0,5734.2
2404082,9,4862,15.8,73.2,31.1,1591,1083,52,94,3,1,1,1,0,13.5
2404092,4872,4872,10.0,106.2,25.9,1958,1083,39,124,0,0,0,2104,0,9521.6
2404102,3225,10827,56.4,125.9,32.5,3297,2135,91,120,1622,1590,1014,784,0,10884.7
2404112,4602,15052,68.3,147.9,30.7,4637,2260,106,141,1844,1785,1416,1127,0,17482.0
2404122,3618,7822,50.3,91.9,35.4,2660,1355,72,109,1531,1494,1274,952,0,12581.6
2404132,6743,12700,53.9,85.2,32.9,3544,1665,212,60,2463,2404,2175,1623,0,20550.8
2404142,3779,3779,29.4,71.6,24.7,1489,1134,47,80,0,0,0,452,0,5201.0
2404152,5085,10012,27.7,61.8,31.8,2676,1349,243,41,1673,1630,1635,875,0,12605.0
2404162,372,2829,25.4,34.2,34.3,844,3192,141,20,171,167,122,48,0,853.3
2405000,53628,115558,399.5,745.7,29.3,18942,2198,174,664,6075,5835,18419,3509,16980,82820.6
2405011,29032,38402,83.0,104.3,30.1,2559,3484,1131,34,1609,1534,10244,300,10244,30532.5
2405021,16775,18456,45.6,37.6,28.6,1594,2849,597,31,1704,1629,5884,2188,5884,29171.1
2405032,1482,12051,128.6,94.5,29.3,3114,2061,317,38,757,727,405,231,0,5160.4
2405042,1769,11887,28.5,107.3,27.9,3083,2427,170,70,448,434,486,233,0,7185.6
2405052,289,10623,26.2,151.5,33.9,2912,1152,67,159,173,167,59,52,0,922.1
2405063,323,8874,40.7,84.3,29.3,2257,1662,76,116,84,84,78,63,6,1463.5
2405064,23,1906,6.8,40.1,21.6,472,1789,163,11,6,6,6,6,6,69.5
2405065,300,6968,33.9,44.2,31.4,1785,1631,66,105,78,78,72,57,0,1394.0
2405073,2719,9409,25.1,74.8,22.1,2038,1618,94,100,545,523,906,268,846,5929.1
2405074,2526,3595,18.7,25.4,31.5,621,2809,370,10,451,429,846,239,846,5468.0
2405075,193,5814,6.4,49.4,16.3,1417,1279,65,90,94,94,60,29,0,461.1
2405082,1239,5856,21.8,91.4,31.6,1385,1433,50,116,755,737,357,174,0,2456.3
2406000,799,84924,408.0,936.5,30.6,24245,2292,96,889,357,350,226,187,0,2443.4
2406013,777,20449,91.2,147.0,30.8,5047,2344,157,130,357,350,226,187,0,2443.4
2406014,12957,12957,44.3,71.4,30.3,2946,2416,273,47,0,0,0,4857,0,19568.4
2406015,777,7492,46.9,75.6,31.7,2101,2228,91,83,357,350,226,187,0,2443.4
2406023,9160,9160,65.3,79.2,32.8,2692,2205,116,79,0,0,5118,7958,0,16845.6
2406024,4462,4462,38.1,34.8,33.1,1351,1825,161,28,0,0,3665,4400,0,40589.0
2406032,6286,6286,22.3,86.2,26.0,1951,2488,63,99,0,0,4556,3621,0,26587.6
2406052,6824,6824,29.1,79.0,30.9,1816,2797,93,73,0,0,6115,6824,0,69875.4
2406062,5109,5109,25.7,60.1,30.0,1515,2023,93,55,0,0,5000,4925,0,65210.9
2406072,5883,5883,43.3,75.1,34.3,1936,1574,58,102,0,0,741,0,0,15626.0
2406082,5894,5894,23.5,95.2,36.9,1999,2272,66,89,0,0,847,0,0,18472.0
2406092,22,17752,60.8,224.2,29.6,5120,2532,120,149,0,0,0,0,0,0.0
2407000,14427,76593,501.3,855.0,28.2,17850,1806,93,822,3528,3334,5328,2633,5041,41668.8
2407011,13508,23818,117.8,97.5,30.8,4049,2471,267,89,3190,3026,5039,2449,5039,35885.8
2407022,0,3408,38.4,37.4,27.2,980,1341,59,57,0,0,0,0,0,0.0
2407032,343,7500,67.1,155.7,28.7,1867,1375,56,134,255,238,101,80,0,1219.2
2407042,429,6832,96.8,71.0,33.0,1517,1385,80,86,42,39,151,72,0,3744.0
2407052,17,6910,53.4,74.6,26.7,1818,1852,86,80,5,4,5,5,0,115.3
2407062,105,11861,68.4,118.0,25.3,3296,1870,92,129,26,23,26,24,0,353.4
2407072,10,6650,25.8,173.8,26.1,1687,1495,56,119,4,2,3,2,0,301.6
2407083,15,9614,33.6,127.0,24.2,2636,1793,75,128,6,2,3,1,2,49.5
2407084,6,4338,16.3,36.8,35.0,1246,1721,61,71,6,2,2,1,2,29.2
2407085,9,5276,17.3,90.2,15.2,1390,1859,93,57,0,0,1,0,0,20.3
2408000,52252,98373,514.9,682.6,29.4,18259,3042,422,233,10498,10232,18486,6031,16616,118343.6
2408011,15212,22334,104.1,104.5,30.9,2924,2821,1113,20,2065,2028,5448,1004,5448,20518.4
2408021,27484,40813,238.8,259.1,30.5,7306,3575,515,79,5195,5037,10219,3470,10219,71510.2
2408031,3616,20927,62.5,176.6,25.1,4734,2747,250,84,1107,1070,949,491,949,9682.8
2408042,1121,6073,26.9,47.8,31.9,1247,2369,393,15,343,336,392,52,0,2544.4
2408052,4819,8226,82.6,94.6,29.3,2048,2915,238,35,1788,1761,1478,1014,0,14087.8
2409000,30918,71119,179.4,614.5,28.2,20413,2396,148,479,9215,8699,11721,5123,8729,74365.8
2409011,20534,31762,58.1,126.1,27.1,6442,3049,432,74,3722,3427,7736,2630,7736,38711.5
2409023,3571,14324,12.0,211.4,25.8,5446,2145,90,160,1873,1791,1398,716,379,9451.3
2409025,2714,11861,12.0,191.9,22.5,4406,2397,89,133,1292,1267,1019,442,0,5644.6
2409042,4404,10919,47.4,101.0,37.7,3965,1872,191,57,2327,2230,1707,1200,0,18804.0
2409053,2409,8451,50.4,129.9,27.6,2918,1867,84,101,1293,1251,880,577,614,7399.0
2409054,1725,4568,44.4,33.0,29.4,1431,2302,180,25,847,806,614,423,614,5245.4
2409055,684,3883,6.0,96.9,25.5,1487,1532,51,76,446,445,266,154,0,2153.6
2410000,78953,111202,702.5,916.6,31.5,21791,2463,236,471,18491,17901,22971,8999,7851,158105.5
2410012,5558,6754,61.2,70.1,33.4,1603,2118,143,47,1423,1370,1537,735,0,13741.5
2410022,2371,4894,32.2,38.2,26.5,1179,2230,102,48,1139,1110,807,515,0,9231.2
2410032,13078,16499,102.5,127.7,28.0,2614,3519,329,50,1882,1820,3600,509,0,11072.6
2410042,12197,18197,211.9,185.0,33.8,3129,1915,240,76,2529,2466,3388,1025,0,16359.3
2410053,38519,52578,234.1,356.3,32.7,10580,2707,301,175,9302,8964,11721,5155,7851,93402.5
2410054,23155,25829,146.6,74.9,34.0,4242,2960,1148,22,3897,3673,7851,3004,7851,58759.6
2410055,15364,26749,87.5,281.4,31.5,6338,2491,176,153,5405,5291,3870,2151,0,34642.9
2410062,7230,12280,60.6,139.3,28.1,2686,2009,164,75,2216,2171,1918,1060,0,14298.4
2411000,50477,108513,250.8,678.2,28.7,18459,2476,200,544,8010,7576,18068,3972,17057,77479.7
2411011,46741,54882,175.3,166.6,27.3,5689,3253,732,75,4998,4675,17054,3232,17054,65061.0
2411022,253,5150,8.6,48.9,29.6,1313,2639,197,26,259,248,69,51,0,883.9
2411033,13,5746,24.6,60.4,53.6,1513,1983,122,47,2,0,4,0,3,8.3
2411034,10,2158,1.5,33.0,40.9,600,3537,701,4,0,0,3,0,3,6.2
2411035,3,3588,23.1,27.4,61.2,913,1572,81,43,2,0,1,0,0,2.1
2411053,44,11883,24.8,121.8,24.5,2334,2278,94,127,1,0,0,0,0,0.0
2411054,3,5386,21.5,30.4,35.7,593,3295,171,31,1,0,0,0,0,0.0
2411055,41,6497,3.3,91.4,15.3,1741,1809,68,96,0,0,0,0,0,0.0
2411082,164,5204,17.5,73.4,33.6,1262,1751,70,74,55,52,48,45,0,792.2
2412000,20215,78104,261.5,485.2,27.2,15641,3170,349,224,3607,3507,5837,377,3810,22136.2
2412013,14289,42193,35.8,193.2,26.7,6906,3457,368,115,1967,1906,4438,276,3810,13129.2
2412014,12045,28266,35.8,101.3,27.8,3533,4226,751,38,560,516,3810,53,3810,7750.5
2412022,9720,9720,44.3,66.2,27.3,2402,3642,490,20,0,0,9000,0,0,400562.0
2412032,8,4132,18.9,26.4,24.7,965,3866,544,8,0,0,0,0,0,0.0
2412042,47,9650,25.4,105.7,29.2,2418,2573,168,57,2,1,4,2,0,31.8
2412052,5871,12409,137.1,93.7,28.1,2950,2505,513,24,1638,1600,1395,99,0,8975.2
2413000,75804,139833,550.3,788.9,29.7,26958,2044,217,644,18583,18156,27855,9506,22467,189072.1
2413011,25,8626,53.1,41.5,24.0,1992,2007,113,76,0,0,0,0,0,0.0
2413021,4490,7449,34.2,45.3,26.1,1319,1443,110,68,841,829,1459,264,1459,6525.5
2413031,8214,16818,56.2,61.4,28.2,2702,3571,1274,13,2239,2197,2927,1170,2927,20601.2
2413041,45357,61356,164.5,229.3,28.7,9432,2892,733,84,8000,7797,18081,4810,18081,93258.2
2413052,1067,3191,24.1,23.4,32.2,400,1106,82,39,367,356,404,137,0,2243.7
2413062,3198,5793,82.5,93.9,51.4,1724,747,126,46,1409,1380,990,447,0,17730.3
2413072,8011,12248,37.0,60.5,31.2,3274,1834,274,45,2982,2941,2359,1525,0,25281.7
2413082,1501,8240,31.4,77.7,27.1,2116,1580,66,125,766,747,469,232,0,4192.9
2413092,3941,16112,67.3,155.9,32.0,3999,1505,109,148,1979,1909,1166,921,0,19238.6
2414000,30699,59760,561.4,388.8,31.0,11801,2298,378,158,8515,8342,9214,3037,8253,55297.5
2414011,10966,19605,121.9,119.5,30.3,3109,2396,484,40,3095,3018,3572,835,3572,16417.8
2414021,5723,9153,125.0,75.0,33.4,2336,1863,327,28,1763,1723,1664,699,1664,15445.8
2414031,10650,16822,136.5,93.3,35.0,2989,2625,532,32,2499,2469,3017,1106,3017,15109.7
2414042,7860,7860,101.0,45.8,22.9,1908,2306,227,35,0,0,7084,0,0,365256.0
2414052,3360,6320,77.0,55.2,28.9,1459,2012,271,23,1158,1132,961,397,0,8324.2
2415000,59691,157616,803.1,790.6,28.1,29720,2890,550,287,11453,11037,19050,878,16312,78185.4
2415011,3029,13994,41.8,35.7,23.1,2451,3753,685,20,309,295,931,37,931,2127.4
2415021,8970,17806,98.7,70.9,29.3,2862,2966,1421,13,664,632,2845,51,2845,10322.9
2415031,4448,21637,71.7,76.9,31.4,3779,3838,1447,15,422,380,1397,58,1397,3379.8
2415041,33205,48143,167.7,158.2,29.8,6439,3655,972,50,3009,2860,11139,329,11139,37435.5
2415052,3207,13747,113.1,86.3,25.2,3674,2041,361,38,2989,2923,927,165,0,9438.4
2415062,1737,21265,139.0,170.9,26.0,5148,2503,329,64,1548,1509,462,94,0,5292.4
2415072,379,7920,7.7,84.0,21.8,2040,2152,190,42,506,489,116,28,0,1576.9
2415082,2348,5415,45.6,46.3,33.3,1338,2929,396,14,686,665,593,40,0,4219.4
2415092,2368,7689,117.8,61.4,29.4,1989,1410,246,31,1320,1284,640,76,0,4392.7
2416000,50712,118434,291.0,975.7,29.0,28851,1453,118,1003,11135,10846,21382,5370,19437,113601.0
2416011,4682,8568,9.4,41.1,30.6,2057,2064,214,40,1393,1369,1985,443,1985,10205.4
2416021,35068,49567,185.6,221.7,31.0,7505,2906,581,85,5037,4852,15073,2779,15073,71976.4
2416042,3,6347,13.4,93.6,25.6,1976,803,58,110,0,0,1,1,0,2.6
2416053,5593,15956,13.4,119.2,30.5,4627,1144,120,133,2005,1962,2317,972,1408,14650.5
2416054,3323,6845,13.4,29.1,23.5,1434,2093,796,9,864,835,1408,515,1408,7664.7
2416063,4383,9152,31.6,73.4,24.7,3013,1291,108,85,2230,2209,1635,958,890,13039.1
2416064,2290,4296,31.6,24.3,31.6,1279,1644,150,29,1066,1051,890,626,890,8086.2
2416073,395,8640,9.4,126.0,28.6,2717,1109,61,143,165,154,147,94,81,1844.0
2416074,208,1947,8.3,12.2,26.1,551,1835,237,8,74,70,81,68,81,1281.5
2416075,187,6693,1.1,113.8,29.4,2166,998,50,135,91,84,66,26,0,562.5
2416083,9,7713,20.4,92.5,18.1,2771,924,58,134,0,0,4,0,0,15.5
2416084,0,3622,20.4,17.6,10.5,1102,1714,201,18,0,0,0,0,0,0.0
2416092,579,5224,6.4,56.8,27.6,1771,818,68,77,305,300,220,123,0,1867.5
2416102,0,4637,1.4,69.1,28.0,1456,777,37,125,0,0,0,0,0,0.0
2417000,18799,153226,1576.2,808.9,12.7,43043,3804,147,1040,8742,8358,6304,4643,1539,63702.8
2417011,4063,31388,250.1,220.4,25.0,5798,3383,621,51,2514,2329,1539,1385,1539,22585.6
2417022,3946,6809,80.5,24.2,12.6,2248,3713,121,56,1632,1575,1435,1013,0,10560.2
2417032,10,6252,101.9,52.5,11.4,1917,2844,224,28,0,0,2,1,0,5.5
2417042,0,13342,100.7,20.9,7.2,4555,4223,78,170,0,0,0,0,0,0.0
2417062,4082,10818,114.8,89.1,14.3,3216,5560,184,59,1902,1857,1256,895,0,11610.6
2417072,18,4545,82.0,23.1,11.4,1431,2897,106,43,5,2,6,5,0,53.2
2417082,6605,14426,181.0,142.4,19.2,4010,2971,402,36,2684,2593,2045,1335,0,18738.0
2417092,10078,10078,114.4,58.8,2.7,3320,2902,102,99,0,0,0,0,0,0.0
2417102,37,13095,107.3,58.3,14.7,3354,5463,202,65,5,2,10,7,0,108.2
2417112,0,8842,134.7,3.0,0.6,3171,3366,67,131,0,0,0,0,0,0.0
2417132,38,8095,63.3,27.0,1.1,1158,2873,79,45,0,0,11,2,0,41.5
2417142,0,4499,66.2,33.8,2.3,2332,5142,207,39,0,0,0,0,0,0.0
2417152,15101,15101,114.9,55.4,11.2,3710,6309,197,76,752,614,90,78,0,25478.0
2461000,150377,171259,835.1,682.2,36.0,21605,3676,1375,125,21902,19609,57175,19278,57175,397501.2
2461011,150377,171259,835.1,682.2,36.0,21605,3676,1375,125,21902,19609,57175,19278,57175,397501.2
2462000,135816,166795,267.6,338.6,28.3,8786,5108,2402,69,7362,7117,52111,10594,52111,188209.7
2462011,135816,166795,267.6,338.6,28.3,8786,5108,2402,69,7362,7117,52111,10594,52111,188209.7
2463000,86663,108434,212.9,192.2,29.3,4732,4704,3262,33,4797,4488,35993,7024,35993,156919.7
2463011,86663,108434,212.9,192.2,29.3,4732,4704,3262,33,4797,4488,35993,7024,35993,156919.7
2464000,162752,222292,587.1,633.7,37.6,24937,3650,1392,160,18659,17750,71443,14258,71443,351009.0
2464011,162752,222292,587.1,633.7,37.6,24937,3650,1392,160,18659,17750,71443,14258,71443,351009.0
2465000,92025,120259,301.6,404.4,29.7,13232,2124,637,189,10400,10065,37704,6987,37704,158944.2
2465011,92025,120259,301.6,404.4,29.7,13232,2124,637,189,10400,10065,37704,6987,37704,158944.2
2466000,147241,179806,440.4,427.6,33.4,14567,3104,1343,134,13286,12486,59633,13826,59633,281662.6
2466011,147241,179806,440.4,427.6,33.4,14567,3104,1343,134,13286,12486,59633,13826,59633,281662.6
2467000,72776,89128,308.3,383.3,31.5,7352,3919,1045,85,4747,4533,25812,1871,25812,90296.2
2467011,72776,89128,308.3,383.3,31.5,7352,3919,1045,85,4747,4533,25812,1871,25812,90296.2
2468000,32019,91563,351.8,332.5,30.6,12897,2888,600,153,6561,6416,12064,2728,12064,58223.4
2468011,32019,91563,351.8,332.5,30.6,12897,2888,600,153,6561,6416,12064,2728,12064,58223.4
2469000,225829,294510,630.9,711.6,36.4,19567,4350,1789,165,18286,17386,100714,16189,100714,455964.2
2469011,225829,294510,630.9,711.6,36.4,19567,4350,1789,165,18286,17386,100714,16189,100714,455964.2
2470000,54521,74586,274.8,326.6,28.6,8210,3667,1137,66,7150,6943,19828,3530,19828,90006.8
2470011,54521,74586,274.8,326.6,28.6,8210,3667,1137,66,7150,6943,19828,3530,19828,90006.8
2471000,30846,55299,155.1,137.3,28.6,5781,3927,1383,40,4078,3945,12438,2526,12438,48745.3
2471011,30846,55299,155.1,137.3,28.6,5781,3927,1383,40,4078,3945,12438,2526,12438,48745.3
2472000,96625,138000,266.3,298.3,30.5,8503,4066,1775,78,6358,6021,38784,4498,38784,120210.9
2472011,96625,138000,266.3,298.3,30.5,8503,4066,1775,78,6358,6021,38784,4498,38784,120210.9
2473000,80332,138696,640.3,595.8,28.9,20168,3077,935,148,8616,8100,26962,6335,26962,131070.5
2473011,80332,138696,640.3,595.8,28.9,20168,3077,935,148,8616,8100,26962,6335,26962,131070.5
2474000,60940,67154,86.5,108.8,32.7,3169,4808,2633,25,3622,3428,25842,2622,25842,72591.3
2474011,60940,67154,86.5,108.8,32.7,3169,4808,2633,25,3622,3428,25842,2622,25842,72591.3
2475000,147249,202036,397.9,490.8,33.2,12561,4755,2219,91,9257,8860,63501,7275,63501,212276.3
2475011,147249,202036,397.9,490.8,33.2,12561,4755,2219,91,9257,8860,63501,7275,63501,212276.3
2476000,36874,50012,104.1,79.5,28.4,2229,6823,3757,13,2331,2204,15175,2417,15175,54515.3
2476011,36874,50012,104.1,79.5,28.4,2229,6823,3757,13,2331,2204,15175,2417,15175,54515.3
2477000,108357,127831,366.9,450.7,35.3,8690,4704,1563,82,8246,7959,41078,4253,41078,151816.0
2477011,108357,127831,366.9,450.7,35.3,8690,4704,1563,82,8246,7959,41078,4253,41078,151816.0
2478000,133096,173374,374.6,332.6,26.0,10408,4662,2156,80,10304,9816,48736,13881,48736,214912.0
2478011,133096,173374,374.6,332.6,26.0,10408,4662,2156,80,10304,9816,48736,13881,48736,214912.0
2479000,54943,62456,262.5,267.6,30.8,6291,4083,966,65,6178,5896,17947,3863,17947,85685.8
2479011,54943,62456,262.5,267.6,30.8,6291,4083,966,65,6178,5896,17947,3863,17947,85685.8
