KOD;LG;LO;DSK;DSRW;ZWNM;LBM;GZAL;LNKM;POW;CPO;CPDB;OG;OOM;OwM;GAZ
1201000;86254.00;106514.00;655.30;972.90;22.20;26431.00;3444.00;164.00;649.00;23312.00;22235.00;26101.00;12093.00;10199.00;174048.00
1201011;27104.00;29922.00;150.90;90.40;31.70;5199.00;3452.00;1002.00;30.00;5040.00;4692.00;9503.00;4321.00;9503.00;70435.00
1201022;16368.00;19872.00;221.60;248.20;26.40;5621.00;3401.00;152.00;132.00;5167.00;4983.00;4690.00;2141.00;0.00;32035.00
1201042;4131.00;5642.00;16.50;3.40;3.20;1571.00;3244.00;94.00;60.00;1278.00;1227.00;1154.00;563.00;0.00;5685.50
1201052;5572.00;8139.00;28.70;167.70;34.70;2453.00;2823.00;114.00;72.00;1967.00;1891.00;1704.00;883.00;0.00;10595.60
1201063;11079.00;14021.00;32.70;109.10;12.00;3848.00;4552.00;171.00;82.00;3312.00;3167.00;3103.00;1531.00;696.00;20112.90
1201064;2441.00;2745.00;12.80;21.60;23.80;740.00;4938.00;552.00;5.00;731.00;664.00;696.00;431.00;696.00;6042.40
1201065;8638.00;11276.00;19.90;87.50;9.10;3108.00;4463.00;146.00;77.00;2581.00;2503.00;2407.00;1100.00;0.00;14070.50
1201072;8039.00;11276.00;122.30;117.30;19.10;3086.00;3296.00;131.00;86.00;2518.00;2445.00;2277.00;1104.00;0.00;14964.20
1201082;4409.00;5582.00;35.70;72.40;5.40;1523.00;3094.00;127.00;44.00;1314.00;1244.00;1171.00;621.00;0.00;7086.90
1201092;4809.00;5543.00;46.90;43.10;11.40;1388.00;4894.00;159.00;35.00;1271.00;1215.00;1209.00;527.00;0.00;6804.10
1202000;69786.00;93206.00;422.80;814.50;19.50;24506.00;3427.00;158.00;591.00;19930.00;19155.00;20562.00;8862.00;5945.00;133714.50
1202023;31380.00;36314.00;164.00;201.30;23.90;8139.00;4389.00;354.00;103.00;7338.00;7012.00;9870.00;4043.00;5527.00;68877.80
1202024;16266.00;16825.00;73.60;58.10;29.40;2533.00;3491.00;1411.00;12.00;2688.00;2434.00;5527.00;1933.00;5527.00;36473.40
1202025;15114.00;19489.00;90.40;143.20;19.10;5606.00;5689.00;215.00;91.00;4650.00;4578.00;4343.00;2110.00;0.00;32404.40
1202033;6828.00;9803.00;54.20;152.30;15.20;2835.00;2905.00;148.00;66.00;1949.00;1873.00;1718.00;931.00;418.00;13104.60
1202034;2304.00;2344.00;19.70;36.60;19.80;740.00;2093.00;166.00;14.00;476.00;442.00;418.00;265.00;418.00;4067.60
1202035;4524.00;7459.00;34.50;115.70;13.70;2095.00;3318.00;143.00;52.00;1473.00;1431.00;1300.00;666.00;0.00;9037.00
1202042;11839.00;14723.00;166.30;116.90;21.90;3878.00;3802.00;180.00;82.00;3537.00;3419.00;3165.00;1310.00;0.00;18804.70
1202052;5066.00;8027.00;21.40;39.70;4.40;2404.00;3159.00;146.00;55.00;1784.00;1732.00;1527.00;574.00;0.00;8199.80
1202072;4704.00;9534.00;16.90;126.10;24.50;3085.00;2219.00;71.00;135.00;1978.00;1889.00;1461.00;709.00;0.00;7914.70
1203000;90002.00;125385.00;463.40;760.00;29.40;24669.00;3086.00;339.00;370.00;20312.00;19944.00;31432.00;9579.00;22252.00;154975.00
1203013;9147.00;12640.00;47.40;155.50;23.50;3512.00;2006.00;170.00;74.00;2872.00;2792.00;2951.00;1282.00;1013.00;21118.10
1203014;2882.00;3370.00;21.70;23.10;24.10;642.00;1640.00;380.00;9.00;589.00;559.00;1013.00;387.00;1013.00;8809.30
1203015;6265.00;9270.00;25.70;132.40;23.30;2870.00;2185.00;142.00;65.00;2283.00;2233.00;1938.00;895.00;0.00;12308.80
1203022;5574.00;9146.00;18.30;65.50;28.50;2715.00;2836.00;169.00;55.00;2164.00;2140.00;1689.00;874.00;0.00;11440.40
1203033;35405.00;47169.00;170.80;188.70;30.70;6757.00;3646.00;594.00;79.00;5768.00;5662.00;13570.00;2691.00;11927.00;51048.80
1203034;30180.00;36945.00;116.80;112.30;32.40;3630.00;4219.00;964.00;38.00;3494.00;3408.00;11927.00;1814.00;11927.00;39942.30
1203035;5225.00;10224.00;54.00;76.40;24.70;3127.00;2421.00;249.00;41.00;2274.00;2254.00;1643.00;877.00;0.00;11106.50
1203043;14585.00;22433.00;58.20;121.60;30.70;4051.00;3479.00;393.00;57.00;3360.00;3315.00;4605.00;1488.00;3751.00;20638.30
1203044;11577.00;17084.00;58.20;74.20;30.80;2635.00;3436.00;477.00;36.00;2102.00;2066.00;3751.00;970.00;3751.00;15306.60
1203053;25291.00;33997.00;168.70;228.70;29.10;7634.00;2891.00;323.00;105.00;6148.00;6035.00;8617.00;3244.00;5561.00;50729.40
1203054;15328.00;19846.00;101.70;117.60;29.40;3432.00;3036.00;621.00;32.00;2763.00;2681.00;5561.00;1459.00;5561.00;29796.30
1203055;9963.00;14151.00;67.00;111.10;28.60;4202.00;2706.00;193.00;73.00;3385.00;3354.00;3056.00;1785.00;0.00;20933.10
1204000;36830.00;59350.00;370.30;1012.80;23.30;15223.00;2986.00;112.00;530.00;11153.00;10698.00;10274.00;5623.00;4391.00;69220.40
1204012;2212.00;2682.00;9.40;91.60;21.60;880.00;2114.00;75.00;36.00;807.00;778.00;651.00;312.00;0.00;2683.80
1204023;16329.00;21287.00;213.30;186.90;23.60;4628.00;3443.00;183.00;116.00;4042.00;3835.00;4602.00;2404.00;3316.00;35676.30
1204024;11324.00;11906.00;96.30;58.70;29.40;2216.00;3447.00;516.00;23.00;2240.00;2078.00;3316.00;1634.00;3316.00;28143.60
1204025;5005.00;9381.00;117.00;128.20;16.20;2412.00;3439.00;100.00;93.00;1802.00;1757.00;1286.00;770.00;0.00;7532.70
1204052;5480.00;7934.00;36.60;108.10;21.70;2019.00;3102.00;102.00;78.00;1696.00;1640.00;1439.00;843.00;0.00;8355.80
1204062;3014.00;7439.00;72.30;173.40;20.80;1971.00;3428.00;84.00;88.00;1279.00;1239.00;784.00;441.00;0.00;4796.70
1204073;5185.00;13180.00;38.70;271.60;26.20;3617.00;2786.00;110.00;119.00;1634.00;1569.00;1520.00;958.00;1075.00;12022.60
1204074;3614.00;4173.00;34.30;43.60;26.90;1051.00;2287.00;609.00;7.00;943.00;896.00;1075.00;695.00;1075.00;9414.70
1204075;1571.00;9007.00;4.40;228.00;25.90;2566.00;3095.00;80.00;112.00;691.00;673.00;445.00;263.00;0.00;2607.90
1205000;74961.00;109104.00;1019.10;381.00;11.20;24848.00;3363.00;113.00;966.00;18319.00;17585.00;22580.00;9869.00;10891.00;133053.20
1205011;26063.00;27597.00;146.00;92.10;29.70;3372.00;4503.00;1173.00;24.00;3545.00;3281.00;9139.00;2886.00;9139.00;53559.10
1205023;11187.00;16858.00;108.80;25.40;4.30;4468.00;4330.00;172.00;98.00;3198.00;3056.00;3217.00;1739.00;1217.00;18937.60
1205024;3883.00;4599.00;24.20;16.90;9.70;1118.00;3227.00;260.00;17.00;970.00;905.00;1217.00;643.00;1217.00;7237.50
1205025;7304.00;12259.00;84.60;8.50;2.20;3350.00;4982.00;152.00;81.00;2228.00;2151.00;2000.00;1096.00;0.00;11700.10
1205033;6064.00;9778.00;110.50;50.10;7.70;2303.00;3846.00;196.00;50.00;1639.00;1583.00;1484.00;770.00;535.00;9151.40
1205034;2097.00;3136.00;42.00;17.50;16.70;757.00;3376.00;437.00;7.00;579.00;552.00;535.00;343.00;535.00;4528.80
1205035;3967.00;6642.00;68.50;32.60;3.50;1546.00;4108.00;156.00;43.00;1060.00;1031.00;949.00;427.00;0.00;4622.60
1205042;13119.00;17277.00;350.60;156.90;8.30;4626.00;3799.00;168.00;103.00;3806.00;3728.00;3582.00;1997.00;0.00;23761.30
1205052;5080.00;6806.00;103.50;2.40;0.90;1987.00;3496.00;102.00;66.00;1709.00;1651.00;1482.00;723.00;0.00;8591.50
1205062;4555.00;8514.00;4.70;0.50;0.10;2205.00;4407.00;151.00;56.00;1390.00;1355.00;1225.00;602.00;0.00;6369.70
1205072;2945.00;4922.00;92.00;0.00;0.00;1329.00;3695.00;131.00;38.00;944.00;914.00;767.00;395.00;0.00;3940.50
1205082;2745.00;5498.00;20.00;4.40;1.40;1429.00;3503.00;112.00;49.00;948.00;920.00;734.00;347.00;0.00;3770.90
1205092;2510.00;5017.00;47.00;26.90;12.30;1391.00;1619.00;26.00;195.00;845.00;821.00;741.00;329.00;0.00;3957.80
1205102;693.00;6837.00;36.00;22.30;4.10;1738.00;1230.00;24.00;287.00;295.00;276.00;209.00;81.00;0.00;1013.40
1206000;207025.00;277145.00;2007.60;2820.60;33.00;76484.00;3592.00;225.00;1231.00;63507.00;60170.00;64587.00;39829.00;12082.00;688027.50
1206012;3443.00;14587.00;84.00;137.00;28.70;4669.00;4089.00;173.00;85.00;1372.00;1346.00;1136.00;702.00;0.00;10411.90
1206022;5299.00;7724.00;1.30;127.60;18.50;2047.00;3474.00;123.00;63.00;1804.00;1700.00;1444.00;867.00;0.00;13906.40
1206032;3720.00;9135.00;17.10;169.40;25.90;2919.00;3394.00;128.00;71.00;1537.00;1487.00;1204.00;701.00;0.00;12798.70
1206042;8386.00;10935.00;34.90;128.50;27.20;3051.00;5827.00;160.00;68.00;2854.00;2779.00;2336.00;1181.00;0.00;18842.80
1206052;12975.00;15575.00;35.10;249.40;37.20;4612.00;4025.00;193.00;81.00;4454.00;4143.00;4042.00;2710.00;0.00;43922.00
1206063;24606.00;32195.00;298.10;282.30;30.60;8483.00;2786.00;232.00;139.00;7386.00;7095.00;7992.00;3843.00;3281.00;69290.90
1206064;8367.00;10051.00;54.10;44.10;38.30;1801.00;2515.00;592.00;18.00;1739.00;1560.00;3281.00;1381.00;3281.00;32704.90
1206065;16239.00;22144.00;244.00;238.20;27.00;6682.00;2930.00;181.00;121.00;5647.00;5535.00;4711.00;2462.00;0.00;36586.00
1206072;14929.00;17292.00;189.00;202.00;27.60;5120.00;3813.00;240.00;72.00;4524.00;4390.00;4142.00;2589.00;0.00;39821.50
1206082;9093.00;10563.00;34.40;109.00;42.70;3474.00;2322.00;207.00;51.00;3192.00;3110.00;3011.00;2325.00;0.00;42068.30
1206092;12925.00;14052.00;72.20;139.80;36.30;4139.00;4051.00;322.00;44.00;4079.00;3611.00;3893.00;3131.00;0.00;53150.60
1206103;6352.00;10556.00;101.40;114.50;30.30;3294.00;3453.00;141.00;75.00;2634.00;2570.00;2039.00;1128.00;643.00;20592.60
1206104;2038.00;3803.00;15.60;17.30;26.80;1140.00;3779.00;1280.00;3.00;825.00;805.00;643.00;349.00;643.00;5942.40
1206105;4314.00;6753.00;85.80;97.20;32.30;2154.00;3291.00;94.00;72.00;1809.00;1765.00;1396.00;779.00;0.00;14650.20
1206113;36351.00;43496.00;251.50;263.20;32.20;8004.00;3978.00;436.00;100.00;7641.00;6724.00;11334.00;4470.00;7382.00;73216.30
1206114;21887.00;24362.00;73.30;49.60;36.00;2830.00;3640.00;1188.00;20.00;3088.00;2548.00;7382.00;2207.00;7382.00;42736.90
1206115;14464.00;19134.00;178.20;213.60;27.40;5174.00;4518.00;241.00;80.00;4553.00;4176.00;3952.00;2263.00;0.00;30479.40
1206123;1062.00;13680.00;26.20;175.70;22.90;3771.00;3313.00;121.00;113.00;543.00;481.00;351.00;282.00;190.00;5436.10
1206124;555.00;4348.00;13.00;26.70;16.80;994.00;4595.00;1268.00;3.00;238.00;207.00;190.00;167.00;190.00;3012.90
1206125;507.00;9332.00;13.20;149.00;25.80;2777.00;2925.00;85.00;110.00;305.00;274.00;161.00;115.00;0.00;2423.20
1206132;2396.00;5830.00;90.20;94.80;25.50;1609.00;5747.00;109.00;53.00;1019.00;993.00;724.00;209.00;0.00;4556.70
1206143;8549.00;10083.00;32.70;81.00;31.90;2702.00;7777.00;495.00;20.00;2679.00;2443.00;2341.00;1799.00;586.00;27302.00
1206144;2091.00;2415.00;20.20;13.80;22.90;696.00;7509.00;544.00;4.00;684.00;629.00;586.00;488.00;586.00;7821.10
1206145;6458.00;7668.00;12.50;67.20;34.80;2006.00;7870.00;482.00;16.00;1995.00;1814.00;1755.00;1311.00;0.00;19480.90
1206152;11701.00;12356.00;185.10;109.00;41.50;3956.00;3944.00;256.00;48.00;3851.00;3746.00;3799.00;2841.00;0.00;47898.90
1206162;23737.00;26504.00;348.10;244.40;39.00;7878.00;3252.00;267.00;99.00;7395.00;7153.00;7608.00;5252.00;0.00;103960.10
1206172;21501.00;22582.00;206.30;193.00;44.00;6756.00;3181.00;465.00;49.00;6543.00;6399.00;7191.00;5799.00;0.00;100851.70
1207000;68133.00;131523.00;694.30;722.80;10.90;31426.00;3597.00;138.00;951.00;20268.00;19479.00;18238.00;9583.00;5835.00;138059.00
1207011;13311.00;15158.00;93.00;97.40;22.90;2845.00;3611.00;811.00;19.00;2745.00;2546.00;4046.00;2039.00;4046.00;34616.80
1207021;6029.00;7948.00;45.50;35.20;13.60;1841.00;2903.00;293.00;27.00;1698.00;1581.00;1789.00;1012.00;1789.00;17218.60
1207032;4635.00;9967.00;42.90;90.60;10.10;2725.00;3181.00;91.00;110.00;1879.00;1811.00;1332.00;744.00;0.00;8490.90
1207042;3394.00;8667.00;19.30;63.50;9.10;2254.00;3990.00;120.00;72.00;1515.00;1429.00;956.00;581.00;0.00;8095.50
1207072;12991.00;25466.00;66.30;207.80;13.80;6457.00;3345.00;167.00;152.00;3870.00;3837.00;3392.00;1842.00;0.00;24485.30
1207082;119.00;10044.00;56.90;14.40;2.60;2537.00;3548.00;144.00;70.00;64.00;63.00;31.00;24.00;0.00;243.30
1207092;10098.00;17643.00;150.10;5.60;1.70;4185.00;3503.00;104.00;170.00;3523.00;3414.00;2475.00;986.00;0.00;14700.60
1207102;4144.00;7344.00;40.20;44.70;7.90;1715.00;4639.00;99.00;74.00;1377.00;1321.00;1001.00;582.00;0.00;7307.00
1207112;4836.00;6720.00;39.90;74.90;17.40;1434.00;3478.00;118.00;57.00;1144.00;1118.00;1056.00;541.00;0.00;7561.10
1207122;3834.00;6556.00;14.60;53.30;17.10;1493.00;3802.00;200.00;33.00;1110.00;1070.00;1009.00;593.00;0.00;7589.30
1208000;3606.00;49137.00;136.70;940.40;26.50;14255.00;1937.00;73.00;676.00;2050.00;1927.00;1266.00;810.00;463.00;17433.80
1208012;1475.00;7464.00;32.10;133.60;29.50;2247.00;1884.00;95.00;78.00;1048.00;1022.00;495.00;232.00;0.00;4529.80
1208022;801.00;6078.00;23.60;129.60;31.70;1974.00;2503.00;68.00;90.00;435.00;431.00;261.00;101.00;0.00;1816.10
1208042;101.00;5121.00;14.80;144.60;15.40;1904.00;1284.00;37.00;138.00;45.00;32.00;39.00;36.00;0.00;561.80
1208053;1214.00;19737.00;66.20;242.80;27.10;4342.00;2714.00;133.00;148.00;522.00;442.00;466.00;438.00;463.00;10458.70
1208054;1204.00;11652.00;51.90;67.00;31.40;1829.00;3601.00;752.00;15.00;511.00;431.00;463.00;435.00;463.00;10396.20
1208055;10.00;8085.00;14.30;175.80;20.70;2513.00;1994.00;61.00;133.00;11.00;11.00;3.00;3.00;0.00;62.50
1209000;73467.00;127028.00;985.20;856.90;17.40;30917.00;3599.00;189.00;673.00;21430.00;20202.00;20541.00;11124.00;8414.00;170924.00
1209013;11344.00;15272.00;86.30;144.80;32.30;3722.00;3774.00;230.00;66.00;3147.00;2936.00;3262.00;1666.00;1672.00;28333.60
1209014;5668.00;6434.00;30.40;29.00;29.00;1311.00;3119.00;496.00;14.00;1234.00;1100.00;1672.00;807.00;1672.00;16342.70
1209015;5676.00;8838.00;55.90;115.80;34.60;2411.00;4472.00;165.00;52.00;1913.00;1836.00;1590.00;859.00;0.00;11990.90
1209022;5056.00;10060.00;51.30;9.40;5.90;2571.00;3383.00;134.00;75.00;1815.00;1741.00;1303.00;697.00;0.00;8837.80
1209033;33331.00;44189.00;479.50;368.40;22.80;9888.00;3642.00;288.00;154.00;8406.00;7797.00;9773.00;5525.00;5691.00;85313.70
1209034;17615.00;18386.00;74.30;78.70;29.10;3272.00;3511.00;608.00;30.00;3304.00;2951.00;5691.00;3184.00;5691.00;50966.50
1209035;15716.00;25803.00;405.20;289.70;18.30;6616.00;3745.00;209.00;124.00;5102.00;4846.00;4082.00;2341.00;0.00;34347.20
1209042;4830.00;11082.00;23.40;3.40;0.90;2710.00;3488.00;125.00;89.00;1564.00;1494.00;1178.00;510.00;0.00;7865.50
1209052;219.00;6395.00;10.00;71.00;13.80;1805.00;2676.00;105.00;61.00;71.00;69.00;62.00;38.00;0.00;418.60
1209062;5899.00;8953.00;94.70;109.40;24.30;2433.00;3542.00;281.00;32.00;2137.00;2033.00;1705.00;1116.00;0.00;15555.00
1209073;8597.00;14916.00;135.40;92.30;16.00;3643.00;4142.00;247.00;60.00;2965.00;2852.00;2187.00;1062.00;1051.00;17419.30
1209074;4269.00;6633.00;63.30;31.00;21.90;1519.00;3607.00;403.00;16.00;1239.00;1202.00;1051.00;462.00;1051.00;8316.00
1209075;4328.00;8283.00;72.10;61.30;11.30;2124.00;4704.00;189.00;44.00;1726.00;1650.00;1136.00;600.00;0.00;9103.30
1209092;581.00;7390.00;63.20;58.20;12.30;1950.00;2919.00;110.00;67.00;190.00;183.00;157.00;80.00;0.00;1020.10
1210000;106348.00;216176.00;1232.70;1653.00;11.20;47031.00;4168.00;139.00;1549.00;26607.00;25359.00;27554.00;11081.00;9270.00;221361.40
1210011;4504.00;6038.00;23.10;17.60;10.20;1236.00;3765.00;356.00;17.00;1046.00;969.00;1384.00;468.00;1384.00;9476.60
1210022;13053.00;28572.00;187.30;401.10;15.90;6521.00;5228.00;255.00;112.00;3377.00;3275.00;3064.00;1522.00;0.00;28127.80
1210032;5368.00;9239.00;66.60;159.10;11.40;2535.00;3417.00;105.00;88.00;1763.00;1692.00;1538.00;522.00;0.00;12514.50
1210042;18458.00;25456.00;98.90;152.10;6.30;5316.00;4612.00;166.00;154.00;4540.00;4411.00;3978.00;1394.00;0.00;22064.50
1210052;7278.00;10363.00;94.10;121.40;31.40;2213.00;4536.00;159.00;65.00;1804.00;1747.00;1621.00;595.00;0.00;10472.90
1210062;9162.00;14500.00;69.90;154.90;4.90;2915.00;5596.00;136.00;107.00;2182.00;2102.00;1851.00;633.00;0.00;11174.70
1210073;14385.00;16777.00;157.20;109.30;17.20;2738.00;2902.00;116.00;145.00;2809.00;2519.00;5408.00;2620.00;4433.00;59364.80
1210074;9841.00;10686.00;69.40;55.20;21.60;1423.00;3628.00;269.00;40.00;1636.00;1396.00;4433.00;2127.00;4433.00;51806.10
1210075;4544.00;6091.00;87.80;54.10;9.30;1315.00;2103.00;58.00;105.00;1173.00;1123.00;975.00;493.00;0.00;7558.70
1210082;3199.00;6032.00;35.00;6.50;0.60;1176.00;2646.00;51.00;119.00;927.00;883.00;688.00;257.00;0.00;4679.50
1210092;48.00;16499.00;71.20;62.30;13.30;3892.00;4599.00;124.00;132.00;5.00;5.00;4.00;1.00;0.00;45.60
1210102;7812.00;11049.00;36.10;116.10;6.20;2614.00;4320.00;130.00;85.00;2007.00;1922.00;1680.00;524.00;0.00;11538.30
1210113;6855.00;11574.00;89.10;34.90;9.30;2452.00;2234.00;82.00;141.00;1742.00;1626.00;2046.00;1089.00;1318.00;18026.00
1210114;3928.00;4831.00;33.50;20.60;12.60;1038.00;2365.00;198.00;24.00;991.00;919.00;1318.00;708.00;1318.00;11985.10
1210115;2927.00;6743.00;55.60;14.30;6.90;1414.00;2144.00;58.00;117.00;751.00;707.00;728.00;381.00;0.00;6040.90
1210122;1320.00;8703.00;57.00;50.20;5.40;1812.00;5416.00;173.00;50.00;378.00;332.00;290.00;200.00;0.00;3118.90
1210133;0.00;10650.00;40.00;21.30;4.40;2523.00;3720.00;84.00;126.00;0.00;0.00;0.00;0.00;0.00;0.00
1210134;0.00;5882.00;24.00;10.10;4.10;1454.00;4092.00;154.00;38.00;0.00;0.00;0.00;0.00;0.00;0.00
1210135;0.00;4768.00;16.00;11.20;4.80;1069.00;3335.00;54.00;88.00;0.00;0.00;0.00;0.00;0.00;0.00
1210142;0.00;13170.00;66.20;97.30;9.00;2869.00;5964.00;203.00;65.00;0.00;0.00;0.00;0.00;0.00;0.00
1210163;14906.00;23747.00;98.80;138.90;12.80;5358.00;5078.00;235.00;101.00;4026.00;3875.00;4002.00;1256.00;2135.00;30757.30
1210164;7046.00;9048.00;34.00;40.80;24.70;2068.00;3543.00;603.00;15.00;1865.00;1785.00;2135.00;678.00;2135.00;16550.00
1210165;7860.00;14699.00;64.80;98.10;5.50;3290.00;6994.00;171.00;86.00;2161.00;2090.00;1867.00;578.00;0.00;14207.30
1211000;19891.00;191508.00;1205.90;382.00;11.10;44748.00;3798.00;130.00;1474.00;9243.00;8571.00;5919.00;4708.00;3373.00;83974.60
1211011;4378.00;33373.00;89.60;74.80;20.20;4757.00;3995.00;653.00;51.00;1615.00;1348.00;1484.00;1442.00;1484.00;28962.80
1211032;121.00;22527.00;48.70;11.00;2.90;5973.00;3958.00;104.00;218.00;329.00;309.00;29.00;27.00;0.00;400.30
1211042;0.00;7631.00;58.40;26.70;10.20;1948.00;3890.00;123.00;62.00;0.00;0.00;0.00;0.00;0.00;0.00
1211052;0.00;18589.00;333.20;107.90;27.20;5425.00;2549.00;87.00;212.00;0.00;0.00;0.00;0.00;0.00;0.00
1211062;0.00;6809.00;43.30;24.20;19.40;1962.00;4096.00;119.00;57.00;0.00;0.00;0.00;0.00;0.00;0.00
1211082;0.00;9341.00;57.10;20.80;4.10;2333.00;3097.00;74.00;126.00;0.00;0.00;0.00;0.00;0.00;0.00
1211092;2242.00;24015.00;123.20;7.20;3.20;5780.00;4116.00;116.00;208.00;1818.00;1763.00;530.00;449.00;0.00;6480.60
1211102;0.00;8564.00;127.20;0.40;0.20;2236.00;4448.00;61.00;141.00;0.00;0.00;0.00;0.00;0.00;0.00
1211112;5772.00;14717.00;32.20;30.00;4.20;3604.00;4476.00;165.00;89.00;2283.00;2195.00;1480.00;932.00;0.00;11978.60
1211123;5501.00;17092.00;53.20;43.30;14.60;3725.00;4640.00;247.00;69.00;2426.00;2217.00;1936.00;1561.00;1889.00;32074.60
1211124;5308.00;12780.00;44.80;41.50;16.50;2684.00;5446.00;352.00;36.00;2348.00;2142.00;1889.00;1529.00;1889.00;31622.20
1211125;193.00;4312.00;8.40;1.80;8.70;1041.00;3201.00;131.00;33.00;78.00;75.00;47.00;32.00;0.00;452.40
1211132;1869.00;4533.00;54.90;3.10;0.20;1105.00;3728.00;141.00;32.00;772.00;739.00;458.00;295.00;0.00;4056.70
1212000;77075.00;112035.00;265.40;758.30;27.00;23204.00;2852.00;181.00;618.00;18054.00;17898.00;25627.00;6853.00;16129.00;149777.60
1212011;7674.00;10197.00;36.50;46.60;27.20;2171.00;1713.00;158.00;65.00;1762.00;1743.00;1988.00;849.00;1988.00;15469.40
1212032;3807.00;7786.00;56.10;50.50;27.50;2240.00;1687.00;191.00;41.00;2035.00;2027.00;1286.00;649.00;0.00;9470.70
1212042;10758.00;15103.00;14.70;108.20;24.80;3906.00;2365.00;126.00;119.00;3209.00;3197.00;3757.00;1044.00;0.00;23639.20
1212053;41713.00;49026.00;105.10;200.70;27.90;7056.00;3913.00;325.00;151.00;6276.00;6206.00;14019.00;2974.00;11592.00;72773.40
1212054;32660.00;35608.00;97.30;99.20;28.70;3444.00;4353.00;1388.00;25.00;3353.00;3287.00;11592.00;1959.00;11592.00;56514.40
1212055;9053.00;13418.00;7.80;101.50;25.80;3612.00;3060.00;107.00;126.00;2923.00;2919.00;2427.00;1015.00;0.00;16259.00
1212062;942.00;7048.00;27.50;113.00;26.20;2127.00;3775.00;74.00;95.00;634.00;613.00;311.00;113.00;0.00;2403.10
1212073;12181.00;22875.00;25.50;239.30;26.20;5704.00;2874.00;156.00;147.00;4138.00;4112.00;4266.00;1224.00;2549.00;26021.80
1212074;6584.00;8604.00;22.40;30.00;28.60;1421.00;3079.00;850.00;10.00;1232.00;1213.00;2549.00;566.00;2549.00;13860.30
1212075;5597.00;14271.00;3.10;209.30;24.80;4283.00;2763.00;104.00;137.00;2906.00;2899.00;1717.00;658.00;0.00;12161.50
1213000;123049.00;153737.00;656.20;993.70;31.50;27994.00;2725.00;379.00;406.00;24013.00;22661.00;40773.00;12577.00;26432.00;195803.80
1213011;33902.00;38300.00;118.80;118.20;35.10;3003.00;2468.00;1277.00;30.00;3058.00;2702.00;14188.00;1742.00;14188.00;54901.20
1213023;17478.00;21270.00;89.00;128.80;32.20;3796.00;2984.00;466.00;46.00;3352.00;3134.00;5896.00;1338.00;3474.00;26078.20
1213024;9346.00;11226.00;42.10;67.50;35.40;1765.00;3097.00;590.00;19.00;1585.00;1497.00;3474.00;695.00;3474.00;15031.20
1213025;8132.00;10044.00;46.90;61.30;28.60;2031.00;2863.00;378.00;27.00;1767.00;1637.00;2422.00;643.00;0.00;11047.00
1213033;9048.00;12999.00;52.30;62.70;28.50;2276.00;3449.00;476.00;27.00;2023.00;1907.00;2954.00;1101.00;2320.00;14094.30
1213034;6667.00;9061.00;31.40;31.50;29.00;1264.00;4174.00;1096.00;8.00;1159.00;1082.00;2320.00;703.00;2320.00;10336.90
1213035;2381.00;3938.00;20.90;31.20;27.30;1012.00;2446.00;207.00;19.00;864.00;825.00;634.00;398.00;0.00;3757.40
1213043;27632.00;34193.00;173.30;217.70;27.80;6786.00;3392.00;449.00;76.00;5935.00;5705.00;8220.00;3373.00;5526.00;46946.30
1213044;17090.00;18744.00;84.10;74.40;27.80;2859.00;3834.00;813.00;23.00;2679.00;2517.00;5526.00;1897.00;5526.00;31624.20
1213045;10542.00;15449.00;89.20;143.30;27.80;3927.00;2964.00;291.00;53.00;3256.00;3188.00;2694.00;1476.00;0.00;15322.10
1213052;5925.00;8207.00;45.60;88.40;26.60;2054.00;3429.00;201.00;41.00;1575.00;1489.00;1518.00;601.00;0.00;6034.30
1213062;12786.00;18422.00;15.50;171.50;33.60;4997.00;1874.00;246.00;75.00;3810.00;3620.00;3761.00;1888.00;0.00;26013.30
1213072;3537.00;4297.00;7.40;42.90;36.10;1057.00;3882.00;180.00;24.00;917.00;890.00;856.00;594.00;0.00;4331.20
1213082;5633.00;6751.00;36.30;59.50;34.90;1719.00;2807.00;190.00;35.00;1404.00;1379.00;1430.00;757.00;0.00;6429.30
1213093;7108.00;9298.00;118.00;104.00;27.80;2306.00;2200.00;180.00;52.00;1939.00;1835.00;1950.00;1183.00;924.00;10975.70
1213094;3172.00;3698.00;38.80;34.30;26.10;815.00;2491.00;321.00;12.00;755.00;674.00;924.00;549.00;924.00;6363.20
1213095;3936.00;5600.00;79.20;69.70;28.90;1491.00;2044.00;140.00;40.00;1184.00;1161.00;1026.00;634.00;0.00;4612.50
1214000;6728.00;43523.00;246.30;777.60;33.70;11548.00;3001.00;105.00;415.00;2777.00;2544.00;1957.00;1181.00;477.00;20744.80
1214012;5010.00;9020.00;75.20;222.10;43.10;2434.00;2959.00;102.00;89.00;2001.00;1887.00;1354.00;659.00;0.00;12432.00
1214022;18.00;5508.00;115.50;95.30;23.90;1802.00;2587.00;83.00;66.00;0.00;0.00;6.00;2.00;0.00;37.70
1214033;330.00;5752.00;18.70;103.00;26.20;1661.00;3102.00;106.00;54.00;134.00;107.00;103.00;89.00;91.00;1430.30
1214034;287.00;1683.00;17.30;15.10;27.80;519.00;3098.00;232.00;8.00;102.00;87.00;91.00;77.00;91.00;1205.50
1214035;43.00;4069.00;1.40;87.90;25.50;1142.00;3104.00;86.00;46.00;32.00;20.00;12.00;12.00;0.00;224.80
1214053;1360.00;16243.00;28.60;223.10;30.40;3723.00;3450.00;162.00;100.00;625.00;534.00;491.00;430.00;386.00;6840.20
1214054;992.00;6012.00;25.50;35.10;39.00;977.00;3743.00;820.00;7.00;480.00;401.00;386.00;361.00;386.00;5524.70
1214055;368.00;10231.00;3.10;188.00;25.40;2746.00;3294.00;110.00;93.00;145.00;133.00;105.00;69.00;0.00;1315.50
1214062;10.00;3417.00;2.00;92.40;49.30;941.00;2268.00;59.00;58.00;17.00;16.00;3.00;1.00;0.00;4.60
1215000;3639.00;84255.00;378.50;362.10;9.10;22384.00;2717.00;123.00;686.00;1442.00;1319.00;1126.00;569.00;436.00;20059.60
1215011;71.00;5373.00;10.30;20.70;17.10;1391.00;2310.00;255.00;21.00;30.00;29.00;24.00;19.00;24.00;155.60
1215021;852.00;9165.00;75.30;55.40;21.20;1964.00;2784.00;331.00;28.00;291.00;235.00;299.00;160.00;299.00;11048.90
1215032;4.00;8946.00;0.50;0.70;0.10;2225.00;2995.00;122.00;74.00;0.00;0.00;1.00;1.00;0.00;21.40
1215052;1547.00;11146.00;50.40;60.00;8.70;2961.00;2860.00;121.00;92.00;578.00;550.00;425.00;169.00;0.00;2609.80
1215063;314.00;16132.00;92.30;13.90;4.70;4063.00;2801.00;148.00;109.00;75.00;54.00;113.00;95.00;113.00;3334.80
1215064;314.00;5853.00;51.50;12.60;12.60;1308.00;3286.00;291.00;20.00;75.00;54.00;113.00;95.00;113.00;3334.80
1215065;0.00;10279.00;40.80;1.30;0.10;2755.00;2580.00;116.00;89.00;0.00;0.00;0.00;0.00;0.00;0.00
1215072;0.00;11888.00;91.00;94.70;9.00;3943.00;2645.00;104.00;114.00;0.00;0.00;0.00;0.00;0.00;0.00
1215092;847.00;5620.00;50.60;60.10;13.10;1659.00;1945.00;143.00;39.00;468.00;451.00;263.00;125.00;0.00;2884.90
1216000;137337.00;201570.00;1614.90;1759.60;17.00;52930.00;3583.00;143.00;1412.00;42863.00;41281.00;37329.00;20714.00;4967.00;264349.90
1216013;5466.00;11232.00;40.60;53.30;3.70;3019.00;3149.00;109.00;103.00;2005.00;1899.00;1541.00;675.00;484.00;9140.00
1216014;1496.00;2469.00;14.60;10.50;12.30;755.00;3410.00;247.00;11.00;580.00;535.00;484.00;261.00;484.00;3602.00
1216015;3970.00;8763.00;26.00;42.80;1.30;2264.00;3082.00;94.00;92.00;1425.00;1364.00;1057.00;414.00;0.00;5538.00
1216022;4407.00;8899.00;28.90;109.90;13.30;2299.00;4065.00;128.00;70.00;1376.00;1318.00;1172.00;578.00;0.00;6449.40
1216032;10712.00;15332.00;126.20;161.30;28.70;4018.00;3143.00;147.00;105.00;3355.00;3248.00;2895.00;1505.00;0.00;21439.50
1216042;8141.00;11955.00;73.40;110.70;12.50;3204.00;4442.00;144.00;83.00;2701.00;2621.00;2274.00;1332.00;0.00;15300.50
1216053;6583.00;9750.00;68.60;82.00;22.20;2723.00;3393.00;113.00;86.00;2313.00;2232.00;1827.00;969.00;567.00;11949.80
1216054;2135.00;2767.00;31.40;14.00;21.10;744.00;3290.00;164.00;17.00;673.00;645.00;567.00;328.00;567.00;3953.80
1216055;4448.00;6983.00;37.20;68.00;22.70;1979.00;3435.00;101.00;69.00;1640.00;1587.00;1260.00;641.00;0.00;7996.00
1216063;6606.00;11694.00;89.70;59.20;2.60;3126.00;4444.00;100.00;117.00;2036.00;1970.00;1667.00;720.00;423.00;8367.00
1216064;1585.00;2831.00;27.00;15.60;3.30;809.00;4783.00;113.00;25.00;519.00;498.00;423.00;200.00;423.00;2506.30
1216065;5021.00;8863.00;62.70;43.60;2.40;2317.00;4344.00;96.00;92.00;1517.00;1472.00;1244.00;520.00;0.00;5860.70
1216072;3823.00;6742.00;41.50;36.20;0.80;1854.00;2979.00;95.00;71.00;1238.00;1191.00;1016.00;390.00;0.00;4262.20
1216082;10206.00;14254.00;148.40;156.40;14.40;3607.00;3376.00;166.00;86.00;3095.00;2979.00;2729.00;1503.00;0.00;19141.20
1216092;22075.00;26028.00;289.00;224.50;27.20;6820.00;4381.00;315.00;83.00;6394.00;6194.00;6115.00;3946.00;0.00;59445.50
1216103;9427.00;18043.00;118.30;177.00;15.00;4387.00;4492.00;181.00;100.00;3014.00;2892.00;2547.00;1576.00;1066.00;17091.20
1216104;3710.00;6671.00;67.70;44.90;18.70;1453.00;4522.00;369.00;18.00;1097.00;1031.00;1066.00;783.00;1066.00;8897.50
1216105;5717.00;11372.00;50.60;132.10;12.80;2934.00;4475.00;139.00;82.00;1917.00;1861.00;1481.00;793.00;0.00;8193.70
1216112;8973.00;10825.00;185.20;97.70;22.20;2909.00;3094.00;144.00;75.00;2700.00;2588.00;2414.00;1364.00;0.00;17304.10
1216122;2374.00;3989.00;46.90;55.70;25.10;1117.00;2121.00;82.00;48.00;987.00;943.00;668.00;311.00;0.00;3942.80
1216133;11063.00;13481.00;31.80;114.50;18.90;3440.00;3689.00;170.00;79.00;3156.00;3034.00;2910.00;1622.00;888.00;21034.80
1216134;3278.00;3330.00;30.80;25.80;21.40;858.00;3359.00;392.00;8.00;851.00;788.00;888.00;504.00;888.00;7453.70
1216135;7785.00;10151.00;1.00;88.70;18.10;2582.00;3817.00;143.00;71.00;2305.00;2246.00;2022.00;1118.00;0.00;13581.10
1216143;6944.00;12459.00;79.80;69.30;2.50;3601.00;3421.00;102.00;122.00;2430.00;2323.00;2037.00;997.00;422.00;14058.50
1216144;1421.00;1642.00;21.80;34.70;7.20;446.00;2255.00;408.00;4.00;456.00;404.00;422.00;284.00;422.00;4008.30
1216145;5523.00;10817.00;58.00;34.60;1.80;3155.00;3720.00;92.00;118.00;1974.00;1919.00;1615.00;713.00;0.00;10050.20
1216153;14568.00;18912.00;193.60;196.60;29.60;4672.00;3050.00;186.00;102.00;4288.00;4120.00;4012.00;2619.00;1117.00;30023.50
1216154;3943.00;4248.00;52.70;22.50;27.30;989.00;2246.00;382.00;11.00;963.00;925.00;1117.00;750.00;1117.00;10290.80
1216155;10625.00;14664.00;140.90;174.10;30.30;3683.00;3397.00;162.00;91.00;3325.00;3195.00;2895.00;1869.00;0.00;19732.70
1216162;5969.00;7975.00;53.00;55.30;7.40;2134.00;3823.00;97.00;82.00;1775.00;1729.00;1505.00;607.00;0.00;5399.90
1217000;2936.00;68146.00;412.40;291.00;32.00;17127.00;3741.00;144.00;472.00;1904.00;1679.00;1356.00;1313.00;1308.00;36241.30
1217011;2747.00;27191.00;175.10;114.70;49.10;5849.00;2943.00;323.00;84.00;1809.00;1589.00;1308.00;1269.00;1308.00;35357.60
1217032;11.00;13351.00;67.10;35.00;14.30;3504.00;4325.00;101.00;132.00;0.00;0.00;0.00;0.00;0.00;0.00
1217042;3.00;8784.00;57.70;68.70;15.10;2791.00;3479.00;64.00;137.00;0.00;0.00;1.00;1.00;0.00;0.60
1217052;175.00;11636.00;83.80;58.50;31.50;3108.00;4884.00;139.00;84.00;95.00;90.00;47.00;43.00;0.00;883.10
1218000;102323.00;160130.00;821.50;1195.30;23.70;35906.00;2911.00;248.00;646.00;27201.00;26414.00;30588.00;15246.00;12764.00;186897.20
1218013;32230.00;43654.00;282.80;206.00;22.30;7993.00;4106.00;435.00;100.00;6497.00;6277.00;10265.00;3602.00;6763.00;51970.60
1218014;18917.00;20260.00;63.20;53.00;26.20;1886.00;4919.00;1961.00;10.00;1944.00;1800.00;6763.00;1385.00;6763.00;28296.10
1218015;13313.00;23394.00;219.60;153.00;18.90;6107.00;3562.00;260.00;90.00;4553.00;4477.00;3502.00;2217.00;0.00;23674.50
1218022;6750.00;10345.00;39.10;147.80;30.70;3086.00;2784.00;156.00;66.00;2313.00;2252.00;2033.00;1394.00;0.00;14195.60
1218033;10497.00;20045.00;19.00;152.70;22.80;5149.00;3058.00;266.00;75.00;4058.00;3927.00;2975.00;2164.00;738.00;27542.80
1218034;2269.00;4515.00;19.00;25.60;30.60;1039.00;2401.00;821.00;6.00;895.00;840.00;738.00;598.00;738.00;9078.30
1218042;2386.00;6235.00;10.80;87.40;13.20;1747.00;2798.00;154.00;40.00;1035.00;993.00;676.00;363.00;0.00;5703.10
1218052;137.00;4122.00;75.00;74.00;19.50;1274.00;494.00;110.00;37.00;48.00;41.00;38.00;15.00;0.00;249.30
1218062;7583.00;10379.00;31.20;88.10;31.50;2598.00;3176.00;202.00;52.00;2083.00;2055.00;1849.00;1066.00;0.00;10238.30
1218072;2623.00;6856.00;92.50;53.30;9.30;1973.00;1772.00;149.00;46.00;1106.00;1064.00;778.00;372.00;0.00;5245.80
1218082;4721.00;8171.00;26.20;103.00;28.60;2025.00;3118.00;197.00;42.00;1575.00;1540.00;1255.00;744.00;0.00;8944.50
1218093;26795.00;37934.00;187.60;144.20;24.00;7067.00;3669.00;336.00;113.00;6063.00;5910.00;8631.00;4419.00;5263.00;51635.10
1218094;14670.00;18774.00;87.00;60.40;32.10;2101.00;4742.00;1781.00;11.00;1957.00;1885.00;5263.00;2045.00;5263.00;29595.70
1218095;12125.00;19160.00;100.60;83.80;16.10;4966.00;2983.00;187.00;102.00;4106.00;4025.00;3368.00;2374.00;0.00;22039.40
1218102;8601.00;12389.00;57.30;138.80;27.40;2994.00;3403.00;166.00;75.00;2423.00;2355.00;2088.00;1107.00;0.00;11172.10
1219000;109396.00;127078.00;470.50;1325.20;32.20;34219.00;2798.00;309.00;411.00;31778.00;28802.00;34197.00;23155.00;12195.00;344123.10
1219012;8345.00;10330.00;5.60;105.70;19.40;2900.00;3337.00;251.00;41.00;2514.00;2310.00;2398.00;1443.00;0.00;20536.60
1219022;13111.00;18188.00;38.90;367.70;30.50;4987.00;3406.00;167.00;109.00;4270.00;3991.00;3703.00;2024.00;0.00;29960.60
1219032;10544.00;10691.00;58.80;94.90;28.20;3114.00;1814.00;165.00;65.00;2848.00;2402.00;2734.00;1523.00;0.00;24967.20
1219043;26632.00;28455.00;255.80;285.10;40.00;7935.00;2856.00;296.00;96.00;7659.00;6903.00;8307.00;5797.00;4342.00;84894.60
1219044;12636.00;13001.00;83.10;111.70;49.30;3534.00;2233.00;474.00;28.00;3620.00;3198.00;4342.00;3538.00;4342.00;50935.50
1219045;13996.00;15454.00;172.70;173.40;32.30;4401.00;3599.00;224.00;68.00;4039.00;3705.00;3965.00;2259.00;0.00;33959.10
1219053;50764.00;59414.00;111.40;471.80;32.00;15283.00;2823.00;596.00;100.00;14487.00;13196.00;17055.00;12368.00;7853.00;183764.10
1219054;20673.00;23395.00;71.00;135.80;38.10;4635.00;3708.00;1745.00;13.00;4628.00;4001.00;7853.00;5405.00;7853.00;84587.20
1219055;30091.00;36019.00;40.40;336.00;28.10;10648.00;2453.00;418.00;87.00;9859.00;9195.00;9202.00;6963.00;0.00;99176.90
1261000;537340.00;771069.00;1505.70;1477.20;46.40;49890.00;5324.00;2359.00;327.00;54537.00;46016.00;251926.00;63145.00;251926.00;1564331.00
1261011;537340.00;771069.00;1505.70;1477.20;46.40;49890.00;5324.00;2359.00;327.00;54537.00;46016.00;251926.00;63145.00;251926.00;1564331.00
1262000;74128.00;83896.00;336.10;280.70;23.50;11958.00;6874.00;1457.00;58.00;11412.00;10693.00;25930.00;8238.00;25930.00;169439.20
1262011;74128.00;83896.00;336.10;280.70;23.50;11958.00;6874.00;1457.00;58.00;11412.00;10693.00;25930.00;8238.00;25930.00;169439.20
1263000;102615.00;109062.00;367.40;323.80;35.00;11368.00;3746.00;1507.00;72.00;12185.00;10516.00;35221.00;10869.00;35221.00;191518.40
1263011;102615.00;109062.00;367.40;323.80;35.00;11368.00;3746.00;1507.00;72.00;12185.00;10516.00;35221.00;10869.00;35221.00;191518.40
1801000;202.00;21879.00;50.90;93.00;19.40;3800.00;1088.00;19.00;1139.00;37.00;30.00;47.00;17.00;1.00;353.80
1801032;109.00;2410.00;4.10;22.10;18.50;604.00;636.00;13.00;185.00;1.00;0.00;26.00;5.00;0.00;99.20
1801083;93.00;17368.00;26.30;67.20;19.60;2824.00;1346.00;36.00;479.00;36.00;30.00;21.00;12.00;1.00;254.60
1801084;11.00;9132.00;22.00;12.50;25.80;807.00;3370.00;544.00;17.00;2.00;1.00;1.00;1.00;1.00;82.20
1801085;82.00;8236.00;4.30;54.70;12.80;2017.00;798.00;18.00;462.00;34.00;29.00;20.00;11.00;0.00;172.40
1802000;51677.00;65713.00;581.00;99.90;3.00;17323.00;2935.00;122.00;539.00;14646.00;14153.00;14391.00;2496.00;2369.00;75871.30
1802013;24135.00;26629.00;224.50;21.90;4.90;6032.00;3666.00;258.00;103.00;5824.00;5604.00;6525.00;1291.00;2369.00;43769.40
1802014;7362.00;7455.00;80.30;20.90;17.40;1319.00;3374.00;651.00;11.00;1466.00;1335.00;2369.00;525.00;2369.00;21015.90
1802015;16773.00;19174.00;144.20;1.00;0.10;4713.00;3795.00;209.00;92.00;4358.00;4269.00;4156.00;766.00;0.00;22753.50
1802022;3853.00;6094.00;56.30;33.90;1.80;1853.00;2660.00;108.00;57.00;1291.00;1247.00;1136.00;135.00;0.00;3693.40
1802032;5578.00;7937.00;93.20;1.30;0.50;2152.00;2133.00;61.00;130.00;1608.00;1554.00;1470.00;142.00;0.00;4999.70
1802042;7589.00;9128.00;151.00;0.90;0.30;2663.00;3192.00;127.00;72.00;2364.00;2299.00;2217.00;528.00;0.00;11739.80
1802052;6109.00;7829.00;45.90;22.40;4.50;2158.00;3119.00;137.00;57.00;1809.00;1761.00;1672.00;265.00;0.00;7398.00
1802062;4413.00;8096.00;10.10;19.50;1.70;2465.00;2193.00;67.00;121.00;1750.00;1688.00;1371.00;135.00;0.00;4271.00
1803000;112804.00;135471.00;890.10;1013.90;23.10;27503.00;2991.00;174.00;777.00;24167.00;23097.00;31694.00;12304.00;16172.00;176690.00
1803011;44305.00;45817.00;176.30;143.30;29.80;5773.00;4202.00;1354.00;34.00;5914.00;5463.00;14370.00;4308.00;14370.00;79581.80
1803023;9754.00;13090.00;54.80;96.30;7.80;3223.00;3399.00;107.00;122.00;2590.00;2493.00;2387.00;890.00;687.00;10967.00
1803024;2606.00;2742.00;14.50;54.70;29.30;672.00;3206.00;313.00;9.00;656.00;616.00;687.00;382.00;687.00;4562.30
1803025;7148.00;10348.00;40.30;41.60;2.10;2551.00;3453.00;91.00;113.00;1934.00;1877.00;1700.00;508.00;0.00;6404.70
1803032;9653.00;13095.00;95.00;195.10;31.80;3257.00;1974.00;88.00;148.00;2686.00;2607.00;2514.00;1324.00;0.00;13617.60
1803042;19909.00;25777.00;301.80;201.50;22.00;6060.00;2409.00;187.00;138.00;5059.00;4899.00;5279.00;2355.00;0.00;33550.20
1803063;14132.00;18217.00;62.00;204.30;16.10;4392.00;2952.00;110.00;165.00;3877.00;3733.00;3441.00;1478.00;1115.00;19006.70
1803064;4100.00;4903.00;31.90;42.80;21.10;1291.00;2771.00;306.00;16.00;1197.00;1120.00;1115.00;705.00;1115.00;8223.40
1803065;10032.00;13314.00;30.10;161.50;14.30;3101.00;3024.00;89.00;149.00;2680.00;2613.00;2326.00;773.00;0.00;10783.30
1803072;11573.00;14078.00;197.80;173.40;27.30;3363.00;2472.00;128.00;110.00;3088.00;2985.00;2892.00;1733.00;0.00;16389.20
1804000;89087.00;120714.00;1169.40;1074.50;29.00;25055.00;2207.00;117.00;1029.00;21064.00;20105.00;26517.00;10027.00;14675.00;173152.90
1804011;36334.00;37690.00;123.60;109.10;29.10;4913.00;4782.00;1089.00;35.00;5245.00;4820.00;12684.00;4474.00;12684.00;98503.50
1804021;4479.00;5314.00;25.40;22.00;33.30;890.00;2451.00;390.00;14.00;813.00;765.00;1265.00;466.00;1265.00;7222.40
1804032;3577.00;5539.00;80.40;60.40;25.20;1269.00;1674.00;113.00;49.00;1136.00;1099.00;870.00;238.00;0.00;4301.30
1804042;9684.00;13202.00;212.60;148.10;37.90;3318.00;2059.00;116.00;113.00;2906.00;2822.00;2661.00;1383.00;0.00;16835.60
1804052;2770.00;6967.00;47.50;86.00;30.20;1565.00;1485.00;50.00;138.00;1123.00;1065.00;725.00;258.00;0.00;3492.70
1804062;6555.00;8448.00;157.50;84.70;35.20;2349.00;2222.00;178.00;47.00;2153.00;2091.00;1928.00;980.00;0.00;13527.00
1804073;6822.00;9793.00;91.00;117.80;16.10;2539.00;2471.00;122.00;80.00;1977.00;1929.00;1695.00;510.00;726.00;6461.30
1804074;2783.00;3774.00;30.00;44.90;17.20;996.00;2985.00;190.00;20.00;802.00;775.00;726.00;280.00;726.00;3493.50
1804075;4039.00;6019.00;61.00;72.90;15.40;1543.00;2234.00;100.00;60.00;1175.00;1154.00;969.00;230.00;0.00;2967.80
1804082;4700.00;11478.00;111.80;118.90;22.40;2674.00;1040.00;63.00;182.00;1359.00;1329.00;1162.00;222.00;0.00;5231.10
1804092;2461.00;4363.00;76.20;62.30;22.50;1129.00;2937.00;76.00;57.00;909.00;870.00;618.00;241.00;0.00;2482.80
1804102;4316.00;6228.00;133.70;86.50;39.10;1648.00;2071.00;91.00;69.00;1340.00;1291.00;1078.00;431.00;0.00;4588.10
1804112;7389.00;11692.00;109.70;178.70;27.40;2761.00;1601.00;48.00;245.00;2103.00;2024.00;1831.00;824.00;0.00;10507.10
1805000;98017.00;113962.00;880.70;407.90;11.60;25986.00;2908.00;137.00;831.00;24568.00;23500.00;29068.00;12889.00;12662.00;168975.50
1805011;34476.00;35192.00;229.70;171.80;28.10;5081.00;3550.00;964.00;37.00;5853.00;5379.00;12268.00;5238.00;12268.00;75348.60
1805032;6751.00;8862.00;57.80;66.80;7.90;2355.00;2537.00;102.00;86.00;2048.00;1981.00;1768.00;814.00;0.00;9156.90
1805042;14501.00;16357.00;286.20;21.70;1.30;4489.00;3047.00;176.00;93.00;4325.00;4203.00;4054.00;1964.00;0.00;26349.80
1805053;7558.00;8947.00;55.10;10.90;3.40;2246.00;3153.00;146.00;61.00;2085.00;2028.00;1914.00;932.00;394.00;9922.70
1805054;1387.00;1403.00;7.70;4.30;15.80;392.00;2691.00;196.00;7.00;418.00;391.00;394.00;236.00;394.00;2795.80
1805055;6171.00;7544.00;47.40;6.60;1.00;1854.00;3260.00;140.00;54.00;1667.00;1637.00;1520.00;696.00;0.00;7126.90
1805062;0.00;1886.00;11.10;13.50;21.30;450.00;749.00;9.00;205.00;0.00;0.00;0.00;0.00;0.00;0.00
1805072;6588.00;9101.00;79.50;15.60;2.50;2468.00;2443.00;88.00;104.00;2164.00;2077.00;1806.00;617.00;0.00;7842.00
1805082;4550.00;5382.00;35.70;23.00;4.20;1442.00;2326.00;89.00;60.00;1366.00;1330.00;1086.00;417.00;0.00;4591.00
1805092;10242.00;12521.00;85.10;43.30;6.30;3378.00;2803.00;160.00;78.00;2995.00;2874.00;2785.00;1347.00;0.00;15886.50
1805112;8003.00;9165.00;40.50;41.30;5.10;2533.00;3788.00;147.00;62.00;2390.00;2313.00;2196.00;1168.00;0.00;14402.00
1806000;39051.00;62476.00;744.10;759.40;22.40;15847.00;2475.00;81.00;774.00;12638.00;12065.00;10820.00;5262.00;2647.00;58359.80
1806012;4461.00;8104.00;120.00;139.70;21.00;2087.00;2277.00;60.00;134.00;1404.00;1353.00;1135.00;618.00;0.00;4536.00
1806023;18724.00;24859.00;104.90;206.70;24.40;6085.00;2661.00;146.00;171.00;5304.00;5014.00;5555.00;2787.00;2647.00;33999.60
1806024;8470.00;9133.00;45.70;42.60;26.80;1676.00;2750.00;1150.00;8.00;1764.00;1589.00;2647.00;1169.00;2647.00;17834.30
1806025;10254.00;15726.00;59.20;164.10;23.10;4409.00;2611.00;97.00;163.00;3540.00;3425.00;2908.00;1618.00;0.00;16165.30
1806032;6400.00;9887.00;194.60;144.20;18.70;2602.00;2124.00;64.00;155.00;2043.00;1984.00;1662.00;748.00;0.00;7643.60
1806042;3981.00;6053.00;144.30;96.00;26.90;1561.00;2086.00;64.00;95.00;1219.00;1169.00;1026.00;579.00;0.00;4809.20
1806052;2985.00;7078.00;72.00;90.80;22.60;1906.00;2989.00;73.00;97.00;1442.00;1383.00;809.00;222.00;0.00;4205.10
1806062;2500.00;6495.00;108.30;82.00;17.20;1606.00;2676.00;53.00;122.00;1226.00;1162.00;633.00;308.00;0.00;3166.30
1807000;98295.00;112414.00;1246.60;541.60;9.50;29607.00;3013.00;113.00;993.00;27343.00;26467.00;27231.00;15318.00;4157.00;181752.70
1807012;12221.00;13463.00;161.10;111.10;12.50;3788.00;4048.00;174.00;77.00;3632.00;3523.00;3370.00;2127.00;0.00;20261.40
1807023;10588.00;14631.00;100.90;103.90;15.10;3960.00;2254.00;62.00;235.00;3037.00;2934.00;3151.00;1329.00;617.00;16422.70
1807024;1818.00;2083.00;8.40;9.00;17.40;368.00;2663.00;380.00;5.00;374.00;329.00;617.00;229.00;617.00;4305.10
1807025;8770.00;12548.00;92.50;94.90;14.70;3592.00;2197.00;55.00;230.00;2663.00;2605.00;2534.00;1100.00;0.00;12117.60
1807033;10179.00;10885.00;96.60;24.10;8.20;2466.00;3970.00;239.00;46.00;2465.00;2363.00;2650.00;1543.00;708.00;19718.50
1807034;1784.00;1793.00;11.20;4.90;31.60;410.00;1908.00;304.00;6.00;496.00;446.00;708.00;483.00;708.00;6885.20
1807035;8395.00;9092.00;85.40;19.20;3.60;2056.00;5081.00;230.00;40.00;1969.00;1917.00;1942.00;1060.00;0.00;12833.30
1807043;15025.00;15449.00;185.20;35.80;6.00;4025.00;2936.00;264.00;59.00;4106.00;3950.00;4250.00;2827.00;1732.00;33473.80
1807044;5716.00;5759.00;48.20;19.00;10.70;1362.00;2052.00;543.00;11.00;1462.00;1382.00;1732.00;1151.00;1732.00;16056.10
1807045;9309.00;9690.00;137.00;16.80;3.20;2663.00;3946.00;202.00;48.00;2644.00;2568.00;2518.00;1676.00;0.00;17417.70
1807052;9376.00;11212.00;124.40;59.20;6.60;3144.00;3336.00;120.00;93.00;2884.00;2787.00;2742.00;1598.00;0.00;18185.00
1807062;5321.00;5645.00;71.90;9.10;18.30;1533.00;2237.00;346.00;16.00;1488.00;1437.00;1426.00;1062.00;0.00;11779.70
1807072;13045.00;13684.00;185.00;75.20;10.50;3657.00;4088.00;267.00;51.00;3609.00;3516.00;3490.00;2404.00;0.00;26126.20
1807083;14806.00;15905.00;214.70;76.50;6.70;3796.00;2592.00;95.00;167.00;3735.00;3610.00;3910.00;1207.00;1100.00;23149.40
1807084;3641.00;3819.00;41.80;13.80;11.70;905.00;2929.00;308.00;12.00;915.00;872.00;1100.00;368.00;1100.00;7350.40
1807085;11165.00;12086.00;172.90;62.70;5.10;2891.00;2504.00;78.00;155.00;2820.00;2738.00;2810.00;839.00;0.00;15799.00
1807092;7734.00;9323.00;104.20;33.40;5.40;2739.00;3528.00;112.00;83.00;2387.00;2347.00;2242.00;1221.00;0.00;12636.00
1807102;0.00;2217.00;2.60;13.30;8.50;499.00;1462.00;13.00;166.00;0.00;0.00;0.00;0.00;0.00;0.00
1808000;42663.00;69562.00;596.20;642.10;23.50;15764.00;2274.00;119.00;584.00;11883.00;11226.00;12526.00;4886.00;6184.00;58874.30
1808011;12717.00;13891.00;49.10;57.00;26.00;2384.00;3422.00;675.00;21.00;2458.00;2281.00;4239.00;1430.00;4239.00;24773.40
1808022;3245.00;8028.00;103.80;102.70;21.20;2289.00;2560.00;102.00;79.00;1265.00;1218.00;897.00;461.00;0.00;3834.10
1808032;998.00;5734.00;111.50;75.80;22.60;1500.00;1174.00;40.00;142.00;527.00;496.00;281.00;95.00;0.00;1430.10
1808042;11600.00;20296.00;174.40;231.20;23.70;5285.00;2226.00;102.00;199.00;4044.00;3864.00;3059.00;1537.00;0.00;14273.10
1808053;14103.00;21613.00;157.40;175.40;22.70;4306.00;2286.00;150.00;144.00;3589.00;3367.00;4050.00;1363.00;1945.00;14563.60
1808054;5683.00;5880.00;16.40;5.70;26.50;339.00;2729.00;643.00;9.00;418.00;373.00;1945.00;193.00;1945.00;5304.50
1808055;8420.00;15733.00;141.00;169.70;21.30;3967.00;2148.00;117.00;135.00;3171.00;2994.00;2105.00;1170.00;0.00;9259.10
1809000;22788.00;55652.00;619.90;608.10;27.10;13260.00;1645.00;43.00;1308.00;6991.00;6537.00;7173.00;3297.00;4925.00;55783.10
1809011;10036.00;12078.00;43.50;33.10;28.40;2118.00;3683.00;469.00;26.00;2109.00;1898.00;3453.00;1438.00;3453.00;33045.40
1809023;3313.00;7220.00;121.40;64.80;31.80;1619.00;1586.00;33.00;219.00;1101.00;1053.00;942.00;524.00;388.00;6038.00
1809024;1308.00;1930.00;23.80;8.60;34.90;417.00;2084.00;128.00;15.00;320.00;301.00;388.00;246.00;388.00;3027.80
1809025;2005.00;5290.00;97.60;56.20;30.70;1202.00;1461.00;26.00;204.00;781.00;752.00;554.00;278.00;0.00;3010.20
1809032;55.00;4727.00;73.70;58.00;20.00;1190.00;1124.00;23.00;203.00;28.00;17.00;16.00;15.00;0.00;1164.70
1809042;2820.00;9183.00;156.20;152.90;27.20;2413.00;1382.00;45.00;203.00;1211.00;1174.00;760.00;369.00;0.00;3595.40
1809053;1822.00;8045.00;98.20;96.70;18.00;2442.00;1891.00;40.00;203.00;890.00;849.00;604.00;244.00;362.00;3764.00
1809054;1072.00;2076.00;32.50;7.70;18.10;576.00;2282.00;167.00;12.00;423.00;395.00;362.00;166.00;362.00;2661.40
1809055;750.00;5969.00;65.70;89.00;18.00;1866.00;1786.00;31.00;191.00;467.00;454.00;242.00;78.00;0.00;1102.60
1809063;3569.00;6345.00;68.00;74.00;30.50;1375.00;1589.00;42.00;152.00;1084.00;1003.00;1074.00;571.00;722.00;7020.20
1809064;2152.00;2993.00;21.00;10.60;21.30;544.00;3896.00;589.00;5.00;461.00;412.00;722.00;439.00;722.00;5604.80
1809065;1417.00;3352.00;47.00;63.40;38.90;831.00;1037.00;23.00;147.00;623.00;591.00;352.00;132.00;0.00;1415.40
1809072;0.00;4230.00;58.90;60.40;36.60;1075.00;1328.00;27.00;156.00;0.00;0.00;0.00;0.00;0.00;0.00
1810000;61139.00;80834.00;1126.50;792.70;29.70;21275.00;2985.00;179.00;452.00;18328.00;17655.00;18062.00;8065.00;5949.00;123430.70
1810011;17669.00;17738.00;141.10;94.00;32.50;3462.00;2753.00;913.00;19.00;3627.00;3389.00;5949.00;2729.00;5949.00;49144.20
1810022;6285.00;8703.00;211.10;109.80;27.20;2382.00;2016.00;155.00;56.00;2010.00;1949.00;1722.00;516.00;0.00;11433.30
1810032;8595.00;11752.00;159.00;143.60;28.50;3328.00;2665.00;151.00;78.00;2764.00;2675.00;2369.00;935.00;0.00;15043.40
1810042;17762.00;21817.00;372.50;213.20;34.30;6150.00;4271.00;205.00;107.00;5422.00;5277.00;4909.00;2407.00;0.00;31307.80
1810052;3978.00;6504.00;43.50;56.50;21.60;1962.00;3596.00;95.00;69.00;1493.00;1449.00;1190.00;463.00;0.00;5936.00
1810062;3194.00;7323.00;67.50;96.90;25.10;1900.00;3554.00;110.00;66.00;1397.00;1358.00;825.00;412.00;0.00;4351.40
1810072;3656.00;6997.00;131.80;78.70;25.40;2091.00;2388.00;123.00;57.00;1615.00;1558.00;1098.00;603.00;0.00;6214.60
1811000;92965.00;136673.00;818.80;1356.20;31.20;26304.00;2680.00;155.00;881.00;19781.00;18842.00;29930.00;8613.00;21462.00;173023.50
1811011;58140.00;60478.00;220.80;181.90;34.60;6310.00;3337.00;1290.00;47.00;7044.00;6546.00;20526.00;4240.00;20526.00;108291.60
1811022;94.00;5576.00;25.80;102.90;32.10;1463.00;2600.00;101.00;55.00;75.00;73.00;25.00;16.00;0.00;229.40
1811032;1663.00;7066.00;60.30;120.30;30.80;1875.00;2259.00;88.00;80.00;773.00;744.00;453.00;261.00;0.00;3756.10
1811042;40.00;2749.00;0.20;56.90;30.70;773.00;2311.00;81.00;34.00;11.00;11.00;11.00;6.00;0.00;67.80
1811052;9607.00;13341.00;169.20;167.80;29.60;3562.00;2739.00;109.00;123.00;3097.00;3010.00;2654.00;1219.00;0.00;21261.80
1811062;2763.00;5370.00;93.30;70.10;26.70;1525.00;1479.00;75.00;71.00;1282.00;1220.00;785.00;368.00;0.00;4365.90
1811073;6421.00;11984.00;44.10;178.00;24.90;3026.00;2417.00;89.00;134.00;2096.00;2022.00;1713.00;750.00;312.00;9293.30
1811074;1139.00;1768.00;5.70;13.50;26.20;375.00;2054.00;110.00;16.00;296.00;276.00;312.00;194.00;312.00;2181.30
1811075;5282.00;10216.00;38.40;164.50;24.70;2651.00;2492.00;86.00;118.00;1800.00;1746.00;1401.00;556.00;0.00;7112.00
1811083;7433.00;14220.00;112.00;195.60;24.40;3567.00;2163.00;89.00;160.00;2681.00;2570.00;1935.00;920.00;624.00;13413.30
1811084;2359.00;3196.00;30.00;21.40;28.70;755.00;2739.00;364.00;9.00;711.00;656.00;624.00;389.00;624.00;5689.80
1811085;5074.00;11024.00;82.00;174.20;23.20;2812.00;2043.00;73.00;151.00;1970.00;1914.00;1311.00;531.00;0.00;7723.50
1811092;3231.00;8187.00;55.90;110.70;30.20;2242.00;2118.00;92.00;89.00;1113.00;1072.00;900.00;457.00;0.00;6060.10
1811102;3573.00;7702.00;37.20;172.00;34.20;1961.00;3013.00;89.00;87.00;1609.00;1574.00;928.00;376.00;0.00;6284.20
1812000;33574.00;66843.00;632.20;800.10;20.70;17278.00;2441.00;85.00;786.00;11749.00;11452.00;10323.00;2651.00;5958.00;59628.10
1812012;408.00;6140.00;10.80;101.60;21.30;1729.00;1652.00;37.00;168.00;297.00;286.00;121.00;45.00;0.00;559.20
1812022;0.00;5402.00;100.00;87.70;23.10;1401.00;2497.00;59.00;91.00;0.00;0.00;0.00;0.00;0.00;0.00
1812032;4293.00;10156.00;157.40;109.70;18.90;2408.00;3657.00;82.00;124.00;1966.00;1938.00;1047.00;264.00;0.00;5410.70
1812042;1893.00;4286.00;36.20;80.80;21.90;1243.00;1932.00;69.00;62.00;959.00;937.00;572.00;155.00;0.00;2792.00
1812053;16756.00;22413.00;156.80;186.60;19.30;5018.00;2780.00;157.00;142.00;4475.00;4341.00;5386.00;1390.00;4138.00;30643.60
1812054;12366.00;15359.00;94.40;106.10;21.40;3043.00;2968.00;252.00;61.00;2800.00;2690.00;4138.00;1013.00;4138.00;23335.60
1812055;4390.00;7054.00;62.40;80.50;14.80;1975.00;2442.00;87.00;81.00;1675.00;1651.00;1248.00;377.00;0.00;7308.00
1812063;6574.00;10140.00;43.90;120.10;21.10;2982.00;2110.00;129.00;79.00;2284.00;2224.00;2071.00;554.00;1452.00;14359.30
1812064;4347.00;6726.00;29.80;51.70;12.60;2015.00;2224.00;184.00;37.00;1512.00;1463.00;1452.00;443.00;1452.00;11252.40
1812065;2227.00;3414.00;14.10;68.40;38.00;967.00;1915.00;81.00;42.00;772.00;761.00;619.00;111.00;0.00;3106.90
1812073;3650.00;8306.00;127.10;113.60;23.20;2497.00;2299.00;70.00;119.00;1768.00;1726.00;1126.00;243.00;368.00;5863.30
1812074;1058.00;1424.00;12.10;19.30;33.40;493.00;1652.00;174.00;8.00;462.00;441.00;368.00;109.00;368.00;2586.20
1812075;2592.00;6882.00;115.00;94.30;21.10;2004.00;2503.00;62.00;111.00;1306.00;1285.00;758.00;134.00;0.00;3277.10
1813000;37548.00;74398.00;765.10;562.90;16.00;18958.00;1856.00;61.00;1211.00;11137.00;10677.00;10061.00;5533.00;0.00;64491.90
1813012;285.00;6605.00;45.10;12.00;4.60;1630.00;1278.00;26.00;254.00;95.00;91.00;80.00;6.00;0.00;210.90
1813022;3535.00;9241.00;61.70;36.30;4.20;2806.00;2427.00;60.00;154.00;1298.00;1238.00;1085.00;450.00;0.00;4431.70
1813032;295.00;5549.00;61.30;10.20;4.90;1410.00;1569.00;35.00;160.00;122.00;116.00;77.00;41.00;0.00;441.00
1813042;2661.00;5193.00;67.30;51.80;18.00;1325.00;1718.00;42.00;124.00;887.00;834.00;711.00;451.00;0.00;5736.90
1813052;0.00;4857.00;34.00;4.10;1.10;1322.00;1751.00;51.00;95.00;0.00;0.00;0.00;0.00;0.00;0.00
1813062;4581.00;6535.00;92.50;68.90;27.10;1528.00;1040.00;108.00;61.00;1256.00;1180.00;1120.00;806.00;0.00;6701.40
1813072;6867.00;8872.00;151.10;103.60;32.80;2027.00;2540.00;126.00;70.00;1804.00;1728.00;1664.00;523.00;0.00;9957.90
1813082;7364.00;10640.00;54.70;83.50;13.20;2750.00;2547.00;98.00;108.00;2159.00;2098.00;2104.00;1360.00;0.00;15647.60
1813092;2093.00;3903.00;64.40;57.50;23.90;907.00;1430.00;44.00;89.00;792.00;752.00;577.00;280.00;0.00;3294.30
1813102;9867.00;13003.00;133.00;135.00;22.90;3253.00;2593.00;136.00;96.00;2724.00;2640.00;2643.00;1616.00;0.00;18070.20
1814000;50988.00;78458.00;999.80;788.80;23.50;20479.00;2278.00;112.00;698.00;14999.00;14340.00;15212.00;6732.00;5750.00;80156.80
1814011;13647.00;15376.00;97.20;95.90;29.60;2661.00;3122.00;695.00;22.00;2460.00;2269.00;4467.00;1715.00;4467.00;29126.50
1814022;14.00;4074.00;75.60;41.80;30.20;1010.00;1317.00;30.00;134.00;0.00;0.00;0.00;0.00;0.00;0.00
1814032;3000.00;4591.00;73.40;46.90;23.30;1393.00;3530.00;128.00;36.00;1065.00;1022.00;865.00;325.00;0.00;3770.40
1814042;2107.00;4465.00;4.80;9.90;5.30;1626.00;1512.00;71.00;63.00;933.00;890.00;720.00;259.00;0.00;2458.30
1814053;7630.00;12347.00;129.80;156.00;19.80;3673.00;2752.00;118.00;105.00;2630.00;2521.00;2448.00;1123.00;773.00;11100.50
1814054;2448.00;3171.00;22.80;14.30;24.90;644.00;3520.00;417.00;7.00;569.00;524.00;773.00;318.00;773.00;4013.60
1814055;5182.00;9176.00;107.00;141.70;18.10;3029.00;2558.00;94.00;98.00;2061.00;1997.00;1675.00;805.00;0.00;7086.90
1814062;10371.00;14900.00;236.00;160.00;22.10;4258.00;2267.00;164.00;91.00;3448.00;3355.00;2883.00;1397.00;0.00;15489.30
1814073;3752.00;7008.00;106.70;95.60;24.30;1641.00;1416.00;55.00;128.00;1228.00;1159.00;1037.00;559.00;510.00;5669.80
1814074;1676.00;2140.00;12.30;11.70;31.30;353.00;2083.00;318.00;7.00;346.00;305.00;510.00;376.00;510.00;3769.20
1814075;2076.00;4868.00;94.40;83.90;21.30;1288.00;1239.00;40.00;121.00;882.00;854.00;527.00;183.00;0.00;1900.60
1814082;4984.00;8461.00;189.20;106.00;24.50;2472.00;2140.00;121.00;70.00;1789.00;1727.00;1368.00;686.00;0.00;6244.00
1814092;5483.00;7236.00;87.10;76.70;25.00;1745.00;3259.00;147.00;49.00;1446.00;1397.00;1424.00;668.00;0.00;6298.00
1815000;47120.00;74374.00;605.70;617.00;19.70;17655.00;2419.00;136.00;548.00;13184.00;12700.00;13508.00;4301.00;7059.00;75428.80
1815012;4385.00;7727.00;78.50;91.80;20.20;2099.00;2718.00;118.00;66.00;1449.00;1403.00;1208.00;489.00;0.00;6216.50
1815022;3340.00;7344.00;145.70;126.30;23.70;1992.00;1449.00;76.00;96.00;1253.00;1216.00;893.00;293.00;0.00;4211.90
1815033;19462.00;27440.00;152.50;177.20;18.20;5809.00;2788.00;197.00;139.00;4764.00;4589.00;5626.00;1648.00;4070.00;27450.80
1815034;13425.00;15856.00;110.00;98.90;24.90;2868.00;2560.00;337.00;47.00;2635.00;2514.00;4070.00;1215.00;4070.00;20084.90
1815035;6037.00;11584.00;42.50;78.30;9.00;2941.00;3183.00;126.00;92.00;2129.00;2075.00;1556.00;433.00;0.00;7365.90
1815043;16359.00;23640.00;229.00;213.70;25.80;5598.00;2432.00;153.00;154.00;4561.00;4375.00;4838.00;1650.00;2989.00;33377.50
1815044;6542.00;7546.00;55.40;30.40;38.00;1333.00;2790.00;758.00;10.00;1363.00;1249.00;2989.00;1110.00;2989.00;24997.10
1815045;9817.00;16094.00;173.60;183.30;20.10;4265.00;2293.00;112.00;144.00;3198.00;3126.00;1849.00;540.00;0.00;8380.40
1816000;112086.00;170486.00;1842.40;1618.50;22.30;47169.00;2413.00;148.00;1153.00;38232.00;37019.00;32131.00;16783.00;6237.00;257393.60
1816011;3712.00;6138.00;33.90;20.00;11.30;1391.00;4290.00;250.00;25.00;989.00;926.00;1160.00;490.00;1160.00;6399.90
1816023;2096.00;10826.00;33.00;82.50;6.90;3538.00;1731.00;96.00;113.00;1579.00;1502.00;693.00;374.00;127.00;5217.90
1816024;409.00;2151.00;28.00;23.30;19.50;553.00;3029.00;509.00;4.00;486.00;436.00;127.00;97.00;127.00;1536.60
1816025;1687.00;8675.00;5.00;59.20;3.70;2985.00;1563.00;80.00;109.00;1093.00;1066.00;566.00;277.00;0.00;3681.30
1816033;17743.00;20608.00;322.40;236.00;28.20;5159.00;3454.00;232.00;89.00;4827.00;4732.00;5257.00;2878.00;1836.00;44411.40
1816034;6077.00;6117.00;57.30;50.90;33.60;1160.00;2953.00;671.00;8.00;1185.00;1153.00;1836.00;794.00;1836.00;17513.60
1816035;11666.00;14491.00;265.10;185.10;26.00;3999.00;3725.00;181.00;81.00;3642.00;3579.00;3421.00;2084.00;0.00;26897.80
1816042;4263.00;6921.00;89.50;50.60;5.10;2133.00;2615.00;131.00;53.00;1615.00;1577.00;1324.00;685.00;0.00;9757.60
1816052;3786.00;6941.00;1.00;4.10;1.20;2074.00;1651.00;58.00;118.00;1400.00;1335.00;1104.00;384.00;0.00;4081.00
1816063;14467.00;20159.00;179.40;212.20;31.90;5693.00;1991.00;139.00;145.00;5063.00;4900.00;3952.00;2277.00;1677.00;40097.90
1816064;5400.00;6568.00;38.20;56.80;33.30;1758.00;2205.00;479.00;14.00;1665.00;1627.00;1677.00;1190.00;1677.00;18222.60
1816065;9067.00;13591.00;141.20;155.40;31.30;3935.00;1904.00;104.00;131.00;3398.00;3273.00;2275.00;1087.00;0.00;21875.30
1816072;4063.00;7044.00;60.10;101.20;11.60;2069.00;3175.00;137.00;51.00;1414.00;1396.00;1195.00;354.00;0.00;5719.50
1816082;3402.00;6866.00;122.50;68.60;22.20;1574.00;3972.00;93.00;74.00;1158.00;1084.00;793.00;388.00;0.00;3684.90
1816092;9877.00;11332.00;129.50;111.80;28.50;3352.00;3116.00;290.00;39.00;3149.00;3082.00;2953.00;1661.00;0.00;26837.20
1816102;2643.00;6428.00;100.00;138.20;11.20;2067.00;3099.00;117.00;55.00;1130.00;1100.00;884.00;355.00;0.00;6096.00
1816113;7284.00;17242.00;232.60;179.90;24.40;4016.00;3450.00;128.00;134.00;3107.00;2933.00;1856.00;714.00;551.00;13514.70
1816114;1829.00;4165.00;36.00;33.40;27.00;992.00;2469.00;268.00;16.00;886.00;829.00;551.00;263.00;551.00;6432.30
1816115;5455.00;13077.00;196.60;146.50;23.50;3024.00;3938.00;110.00;118.00;2221.00;2104.00;1305.00;451.00;0.00;7082.40
1816122;13596.00;16071.00;161.90;162.70;26.60;4570.00;2405.00;149.00;108.00;4273.00;4149.00;3819.00;1830.00;0.00;28326.40
1816132;18395.00;21907.00;297.00;178.80;32.70;6059.00;1430.00;243.00;90.00;5736.00;5579.00;5332.00;3182.00;0.00;44642.60
1816143;6759.00;12003.00;79.60;71.90;16.70;3474.00;3409.00;203.00;59.00;2792.00;2724.00;1809.00;1211.00;886.00;18606.60
1816144;2817.00;3816.00;43.20;27.90;25.30;1097.00;2677.00;395.00;9.00;1023.00;988.00;886.00;668.00;886.00;9928.00
1816145;3942.00;8187.00;36.40;44.00;12.70;2377.00;3901.00;166.00;50.00;1769.00;1736.00;923.00;543.00;0.00;8678.60
1817000;75575.00;94758.00;774.30;508.60;17.00;18346.00;2333.00;82.00;1156.00;16018.00;15251.00;23407.00;6723.00;14039.00;119054.50
1817011;36196.00;37577.00;116.10;105.80;26.70;4093.00;4382.00;987.00;38.00;4377.00;4016.00;12904.00;2925.00;12904.00;63841.50
1817022;4073.00;4506.00;68.00;47.30;22.90;1154.00;3739.00;164.00;27.00;1095.00;1060.00;1023.00;393.00;0.00;5166.70
1817032;3869.00;5550.00;3.50;30.50;20.50;1296.00;1492.00;41.00;137.00;1105.00;1055.00;969.00;226.00;0.00;4459.10
1817042;0.00;4631.00;20.70;17.60;10.90;800.00;754.00;12.00;388.00;0.00;0.00;0.00;0.00;0.00;0.00
1817052;14674.00;18020.00;275.60;139.50;6.00;4799.00;2236.00;78.00;232.00;4269.00;4135.00;3751.00;1329.00;0.00;19803.10
1817062;891.00;1996.00;4.40;1.50;0.40;520.00;1145.00;29.00;69.00;356.00;341.00;227.00;72.00;0.00;623.60
1817073;8288.00;13149.00;137.20;57.20;9.30;3076.00;2039.00;82.00;160.00;2417.00;2330.00;2308.00;865.00;1135.00;12763.90
1817074;3666.00;5120.00;57.40;34.80;18.50;1199.00;2241.00;230.00;22.00;1070.00;1022.00;1135.00;490.00;1135.00;7481.10
1817075;4622.00;8029.00;79.80;22.40;3.40;1877.00;1927.00;58.00;138.00;1347.00;1308.00;1173.00;375.00;0.00;5282.80
1817082;7584.00;9329.00;148.80;109.20;11.10;2608.00;1990.00;89.00;105.00;2399.00;2314.00;2225.00;913.00;0.00;12396.60
1818000;80907.00;106619.00;474.20;784.50;29.60;17168.00;3008.00;128.00;832.00;13343.00;12688.00;28317.00;4750.00;22054.00;116262.50
1818011;58004.00;61182.00;139.50;120.10;32.00;3806.00;4030.00;741.00;83.00;4166.00;3792.00;21626.00;1707.00;21626.00;65580.50
1818022;3198.00;7528.00;53.70;125.20;20.50;2008.00;1721.00;42.00;179.00;1507.00;1467.00;822.00;381.00;0.00;4838.60
1818032;6556.00;11090.00;89.30;141.20;29.60;3294.00;2531.00;76.00;147.00;2525.00;2448.00;1957.00;1136.00;0.00;18965.00
1818042;3177.00;7327.00;12.10;126.90;32.70;2288.00;2779.00;55.00;134.00;1616.00;1560.00;999.00;372.00;0.00;6425.50
1818053;2625.00;8580.00;68.40;126.10;21.20;2518.00;1725.00;42.00;202.00;702.00;664.00;617.00;271.00;428.00;4379.20
1818054;1318.00;3013.00;28.40;30.00;18.00;912.00;1673.00;264.00;11.00;501.00;473.00;428.00;197.00;428.00;3089.90
1818055;1307.00;5567.00;40.00;96.10;22.90;1606.00;1755.00;29.00;191.00;201.00;191.00;189.00;74.00;0.00;1289.30
1818062;7347.00;10912.00;111.20;145.00;27.50;3254.00;2661.00;125.00;87.00;2827.00;2757.00;2296.00;883.00;0.00;16073.70
1819000;44584.00;61558.00;284.30;383.00;8.90;16113.00;3048.00;122.00;504.00;12522.00;12045.00;12237.00;3944.00;2713.00;65957.60
1819012;7349.00;11830.00;94.50;178.60;8.90;3351.00;3433.00;140.00;85.00;2383.00;2289.00;1994.00;926.00;0.00;13720.90
1819022;8003.00;10409.00;85.50;107.30;7.20;2916.00;2573.00;115.00;91.00;2280.00;2194.00;2125.00;421.00;0.00;9704.10
1819032;6264.00;10532.00;42.40;0.00;0.00;2857.00;3480.00;101.00;104.00;2117.00;2055.00;1620.00;630.00;0.00;8977.10
1819043;16692.00;20739.00;43.80;30.70;9.50;4878.00;3051.00;148.00;140.00;3961.00;3800.00;4863.00;1601.00;2713.00;27073.20
1819044;8625.00;8902.00;38.80;25.00;22.10;1571.00;3370.00;641.00;14.00;1498.00;1406.00;2713.00;1049.00;2713.00;17118.20
1819045;8067.00;11837.00;5.00;5.70;0.10;3307.00;2848.00;94.00;126.00;2463.00;2394.00;2150.00;552.00;0.00;9955.00
1819052;6276.00;8048.00;18.10;66.40;21.30;2111.00;2809.00;97.00;83.00;1781.00;1707.00;1635.00;366.00;0.00;6482.30
1820000;38402.00;53236.00;531.10;566.40;24.30;11392.00;1685.00;102.00;521.00;10462.00;9989.00;11427.00;3440.00;3653.00;64627.50
1820013;7453.00;11909.00;55.20;148.70;22.60;3174.00;1902.00;98.00;122.00;2599.00;2473.00;2194.00;810.00;288.00;13751.10
1820014;873.00;1463.00;10.00;20.50;29.30;479.00;2283.00;160.00;9.00;416.00;389.00;288.00;184.00;288.00;2282.40
1820015;6580.00;10446.00;45.20;128.20;21.60;2695.00;1859.00;93.00;113.00;2183.00;2084.00;1906.00;626.00;0.00;11468.70
1820022;11211.00;13229.00;168.60;125.20;27.70;2447.00;2707.00;192.00;69.00;2266.00;2176.00;3307.00;718.00;0.00;16143.50
1820032;4705.00;9959.00;135.30;175.00;23.70;2739.00;840.00;53.00;187.00;2698.00;2583.00;1318.00;625.00;0.00;7851.60
1820043;15033.00;18139.00;172.00;117.50;23.30;3032.00;2070.00;126.00;143.00;2899.00;2757.00;4608.00;1287.00;3365.00;26881.30
1820044;10612.00;11181.00;56.80;44.10;26.20;1120.00;4056.00;670.00;17.00;1169.00;1082.00;3365.00;671.00;3365.00;21551.80
1820045;4421.00;6958.00;115.20;73.40;18.50;1912.00;1153.00;55.00;126.00;1730.00;1675.00;1243.00;616.00;0.00;5329.50
1821000;5823.00;26562.00;202.60;218.10;16.40;6083.00;1244.00;32.00;835.00;2165.00;1963.00;1749.00;1216.00;740.00;14843.10
1821012;165.00;3175.00;17.80;12.20;16.80;803.00;1056.00;20.00;158.00;72.00;67.00;52.00;26.00;0.00;145.10
1821022;0.00;1781.00;16.00;15.90;14.80;561.00;465.00;6.00;287.00;0.00;0.00;0.00;0.00;0.00;0.00
1821033;4994.00;11341.00;118.60;55.70;19.20;2145.00;2263.00;102.00;111.00;1835.00;1690.00;1513.00;1023.00;740.00;12376.10
1821034;2057.00;5431.00;35.70;6.10;25.90;656.00;3002.00;354.00;15.00;673.00;571.00;740.00;617.00;740.00;7896.20
1821035;2937.00;5910.00;82.90;49.60;13.00;1489.00;1835.00;62.00;96.00;1162.00;1119.00;773.00;406.00;0.00;4479.90
1821042;70.00;4907.00;2.20;8.60;3.70;1178.00;1330.00;52.00;94.00;26.00;20.00;19.00;16.00;0.00;243.60
1821052;594.00;5358.00;48.00;125.70;22.50;1396.00;898.00;29.00;185.00;232.00;186.00;165.00;151.00;0.00;2078.30
1861000;45064.00;46511.00;167.70;228.80;29.70;6486.00;3240.00;1069.00;44.00;7357.00;6771.00;16898.00;6960.00;16898.00;109086.00
1861011;45064.00;46511.00;167.70;228.80;29.70;6486.00;3240.00;1069.00;44.00;7357.00;6771.00;16898.00;6960.00;16898.00;109086.00
1862000;44181.00;61251.00;175.30;160.60;30.90;5327.00;4040.00;1327.00;46.00;4375.00;4024.00;17761.00;5040.00;17761.00;95510.10
1862011;44181.00;61251.00;175.30;160.60;30.90;5327.00;4040.00;1327.00;46.00;4375.00;4024.00;17761.00;5040.00;17761.00;95510.10
1863000;173493.00;191564.00;757.90;634.80;38.70;20731.00;4827.00;1591.00;120.00;21860.00;21080.00;68453.00;24874.00;68453.00;394254.90
1863011;173493.00;191564.00;757.90;634.80;38.70;20731.00;4827.00;1591.00;120.00;21860.00;21080.00;68453.00;24874.00;68453.00;394254.90
1864000;44018.00;47047.00;177.40;192.60;30.40;4589.00;4011.00;551.00;85.00;4768.00;4371.00;15883.00;2688.00;15883.00;58261.00
1864011;44018.00;47047.00;177.40;192.60;30.40;4589.00;4011.00;551.00;85.00;4768.00;4371.00;15883.00;2688.00;15883.00;58261.00
2401000;96558.00;148762.00;422.40;760.40;33.80;26767.00;2411.00;409.00;364.00;21419.00;20880.00;39243.00;12874.00;30977.00;246377.50
2401011;41384.00;56804.00;112.40;163.90;32.50;5975.00;3437.00;1520.00;37.00;5012.00;4841.00;17735.00;4344.00;17735.00;83099.80
2401021;21835.00;31677.00;57.30;99.10;36.80;3079.00;4245.00;1934.00;16.00;2366.00;2277.00;9894.00;2083.00;9894.00;51460.20
2401031;3231.00;8936.00;38.60;56.60;27.80;1778.00;2443.00;699.00;13.00;1201.00;1190.00;1168.00;729.00;1168.00;11815.20
2401042;6800.00;12044.00;91.20;95.20;31.70;3774.00;1833.00;234.00;52.00;3122.00;3086.00;2237.00;1426.00;0.00;23445.70
2401052;6201.00;7664.00;71.30;89.30;32.40;2086.00;1863.00;155.00;49.00;1990.00;1926.00;2047.00;696.00;0.00;15104.00
2401062;7749.00;12117.00;1.30;115.90;40.30;3877.00;2270.00;263.00;46.00;3211.00;3170.00;2737.00;1740.00;0.00;28464.90
2401073;6206.00;12477.00;40.50;88.30;34.20;4196.00;1267.00;110.00;114.00;3261.00;3164.00;2240.00;1247.00;995.00;19716.50
2401074;2558.00;5592.00;40.50;22.90;38.50;1927.00;1386.00;145.00;39.00;1545.00;1496.00;995.00;642.00;995.00;9752.00
2401081;3152.00;7043.00;9.80;52.10;32.30;2002.00;818.00;192.00;37.00;1256.00;1226.00;1185.00;609.00;1185.00;13271.20
2402000;130179.00;165000.00;757.30;1267.70;27.40;39101.00;2684.00;360.00;459.00;34178.00;32692.00;39159.00;23734.00;12363.00;325987.40
2402011;3396.00;5747.00;34.50;28.60;15.30;2058.00;2173.00;147.00;39.00;1487.00;1427.00;1278.00;1141.00;1278.00;18039.20
2402022;10788.00;11787.00;68.80;114.40;35.50;2928.00;2838.00;311.00;38.00;2557.00;2463.00;2753.00;1495.00;0.00;23390.70
2402032;7379.00;11174.00;127.90;49.10;10.00;3206.00;2905.00;574.00;19.00;2476.00;2434.00;2164.00;1522.00;0.00;20284.30
2402043;36085.00;45421.00;201.10;271.50;32.60;7270.00;2760.00;683.00;66.00;6636.00;6321.00;12103.00;4815.00;10384.00;72627.90
2402044;29698.00;35919.00;133.90;166.80;32.40;4985.00;2983.00;1091.00;33.00;4556.00;4290.00;10384.00;3846.00;10384.00;59032.70
2402045;6387.00;9502.00;67.20;104.70;33.20;2285.00;2137.00;283.00;33.00;2080.00;2031.00;1719.00;969.00;0.00;13595.20
2402052;18016.00;24117.00;43.60;241.50;26.10;5952.00;2359.00;263.00;93.00;5465.00;5043.00;5303.00;3970.00;0.00;49111.20
2402062;6811.00;7299.00;26.20;55.80;27.10;2011.00;2514.00;345.00;21.00;1873.00;1753.00;2195.00;1635.00;0.00;27001.50
2402072;12253.00;12990.00;50.80;115.80;26.80;3184.00;3264.00;486.00;27.00;2953.00;2858.00;3110.00;2330.00;0.00;29095.60
2402082;12704.00;15589.00;37.80;138.10;19.20;4128.00;2641.00;242.00;65.00;4034.00;3929.00;3387.00;2295.00;0.00;24529.00
2402093;13876.00;17505.00;105.70;144.80;30.90;4346.00;2983.00;305.00;57.00;3297.00;3199.00;3694.00;2085.00;701.00;26829.60
2402094;2641.00;3086.00;19.30;22.70;32.80;781.00;2624.00;298.00;10.00;611.00;589.00;701.00;357.00;701.00;4530.40
2402095;11235.00;14419.00;86.40;122.10;30.50;3565.00;3076.00;307.00;47.00;2686.00;2610.00;2993.00;1728.00;0.00;22299.20
2402102;8871.00;13371.00;60.90;108.10;30.90;4018.00;2438.00;389.00;34.00;3400.00;3265.00;3172.00;2446.00;0.00;35078.40
2403000;132774.00;178139.00;1012.40;1303.00;26.00;40545.00;2458.00;244.00;730.00;30640.00;29515.00;44774.00;24460.00;26270.00;331294.30
2403011;31965.00;34613.00;184.30;129.40;32.10;4575.00;3461.00;1210.00;29.00;5013.00;4878.00;11668.00;4288.00;11668.00;60594.00
2403021;13191.00;16054.00;112.00;105.20;27.30;3930.00;1850.00;272.00;59.00;3254.00;3079.00;6000.00;3822.00;6000.00;64379.60
2403031;8004.00;11171.00;77.50;31.00;11.80;3178.00;1776.00;101.00;109.00;2483.00;2302.00;3243.00;1796.00;3243.00;34362.20
2403042;7615.00;11187.00;132.00;69.60;11.20;4654.00;1764.00;117.00;95.00;3115.00;3026.00;3330.00;2507.00;0.00;28123.60
2403052;7215.00;9809.00;37.10;68.40;30.70;2275.00;2301.00;309.00;32.00;1845.00;1789.00;1839.00;1023.00;0.00;10541.10
2403062;4594.00;5824.00;48.60;74.30;29.90;1393.00;2331.00;137.00;43.00;1340.00;1321.00;1265.00;915.00;0.00;9703.70
2403072;9444.00;13122.00;43.00;123.80;24.00;3270.00;2527.00;199.00;66.00;3317.00;3213.00;2949.00;2274.00;0.00;23336.10
2403082;8191.00;10829.00;60.50;123.20;26.90;2487.00;2812.00;222.00;49.00;1061.00;1052.00;2332.00;1283.00;0.00;13885.30
2403092;66.00;12110.00;64.00;76.70;25.40;3604.00;2963.00;144.00;84.00;0.00;0.00;0.00;0.00;0.00;0.00
2403103;24810.00;26970.00;148.70;189.20;26.60;4843.00;2812.00;424.00;64.00;4238.00;4021.00;7202.00;3579.00;4547.00;49416.70
2403104;14349.00;14469.00;49.10;59.50;29.10;1810.00;3566.00;1469.00;10.00;1412.00;1264.00;4547.00;1675.00;4547.00;28190.70
2403105;10461.00;12501.00;99.60;129.70;23.70;3033.00;2235.00;233.00;54.00;2826.00;2757.00;2655.00;1904.00;0.00;21226.00
2403113;8510.00;13197.00;13.40;112.60;31.10;3103.00;2254.00;225.00;59.00;2302.00;2218.00;2469.00;1520.00;812.00;17738.70
2403114;2493.00;3680.00;8.50;22.00;29.80;711.00;2669.00;585.00;6.00;464.00;427.00;812.00;394.00;812.00;5378.00
2403115;6017.00;9517.00;4.90;90.60;31.60;2392.00;2123.00;182.00;53.00;1838.00;1791.00;1657.00;1126.00;0.00;12360.70
2403122;9169.00;13253.00;91.30;199.60;22.90;3233.00;2224.00;320.00;41.00;2672.00;2616.00;2477.00;1453.00;0.00;19213.30
2404000;30149.00;134919.00;620.80;1482.50;29.40;41960.00;1703.00;89.00;1521.00;12099.00;11778.00;9940.00;7130.00;286.00;98051.90
2404013;752.00;12995.00;34.80;87.20;30.00;2969.00;2775.00;195.00;67.00;103.00;97.00;291.00;192.00;286.00;3153.60
2404014;735.00;9594.00;31.70;54.90;29.60;1944.00;3061.00;262.00;36.00;99.00;93.00;286.00;187.00;286.00;3072.20
2404015;17.00;3401.00;3.10;32.30;31.10;1025.00;2183.00;114.00;31.00;4.00;4.00;5.00;5.00;0.00;81.40
2404022;5.00;3865.00;2.00;72.70;30.30;1526.00;1333.00;39.00;100.00;0.00;0.00;2.00;1.00;0.00;37.30
2404032;17.00;5964.00;39.20;79.60;31.00;2254.00;1230.00;41.00;146.00;0.00;0.00;4.00;1.00;0.00;46.40
2404042;2609.00;5579.00;54.10;48.90;33.00;1919.00;1683.00;120.00;46.00;1165.00;1142.00;1015.00;770.00;0.00;8868.20
2404052;1224.00;13524.00;64.90;188.10;26.20;4552.00;1850.00;92.00;147.00;621.00;596.00;425.00;338.00;0.00;5231.70
2404063;29.00;9500.00;26.90;108.10;16.80;2885.00;1588.00;65.00;147.00;0.00;0.00;1.00;0.00;0.00;9.60
2404064;26.00;5950.00;26.90;36.30;20.50;1507.00;1749.00;161.00;37.00;0.00;0.00;0.00;0.00;0.00;0.00
2404072;1859.00;10737.00;61.70;100.00;26.80;3159.00;2438.00;137.00;79.00;903.00;872.00;565.00;418.00;0.00;5734.20
2404082;9.00;4862.00;15.80;73.20;31.10;1591.00;1083.00;52.00;94.00;3.00;1.00;1.00;1.00;0.00;13.50
2404092;0.00;4872.00;10.00;106.20;25.90;1958.00;1083.00;39.00;124.00;0.00;0.00;0.00;0.00;0.00;0.00
2404102;3225.00;10827.00;56.40;125.90;32.50;3297.00;2135.00;91.00;120.00;1622.00;1590.00;1014.00;784.00;0.00;10884.70
2404112;4602.00;15052.00;68.30;147.90;30.70;4637.00;2260.00;106.00;141.00;1844.00;1785.00;1416.00;1127.00;0.00;17482.00
2404122;3618.00;7822.00;50.30;91.90;35.40;2660.00;1355.00;72.00;109.00;1531.00;1494.00;1274.00;952.00;0.00;12581.60
2404132;6743.00;12700.00;53.90;85.20;32.90;3544.00;1665.00;212.00;60.00;2463.00;2404.00;2175.00;1623.00;0.00;20550.80
2404142;0.00;3779.00;29.40;71.60;24.70;1489.00;1134.00;47.00;80.00;0.00;0.00;0.00;0.00;0.00;0.00
2404152;5085.00;10012.00;27.70;61.80;31.80;2676.00;1349.00;243.00;41.00;1673.00;1630.00;1635.00;875.00;0.00;12605.00
2404162;372.00;2829.00;25.40;34.20;34.30;844.00;3192.00;141.00;20.00;171.00;167.00;122.00;48.00;0.00;853.30
2405000;53628.00;115558.00;399.50;745.70;29.30;18942.00;2198.00;174.00;664.00;6075.00;5835.00;18419.00;3509.00;16980.00;82820.60
2405011;29032.00;38402.00;83.00;104.30;30.10;2559.00;3484.00;1131.00;34.00;1609.00;1534.00;10244.00;300.00;10244.00;30532.50
2405021;16775.00;18456.00;45.60;37.60;28.60;1594.00;2849.00;597.00;31.00;1704.00;1629.00;5884.00;2188.00;5884.00;29171.10
2405032;1482.00;12051.00;128.60;94.50;29.30;3114.00;2061.00;317.00;38.00;757.00;727.00;405.00;231.00;0.00;5160.40
2405042;1769.00;11887.00;28.50;107.30;27.90;3083.00;2427.00;170.00;70.00;448.00;434.00;486.00;233.00;0.00;7185.60
2405052;289.00;10623.00;26.20;151.50;33.90;2912.00;1152.00;67.00;159.00;173.00;167.00;59.00;52.00;0.00;922.10
2405063;323.00;8874.00;40.70;84.30;29.30;2257.00;1662.00;76.00;116.00;84.00;84.00;78.00;63.00;6.00;1463.50
2405064;23.00;1906.00;6.80;40.10;21.60;472.00;1789.00;163.00;11.00;6.00;6.00;6.00;6.00;6.00;69.50
2405065;300.00;6968.00;33.90;44.20;31.40;1785.00;1631.00;66.00;105.00;78.00;78.00;72.00;57.00;0.00;1394.00
2405073;2719.00;9409.00;25.10;74.80;22.10;2038.00;1618.00;94.00;100.00;545.00;523.00;906.00;268.00;846.00;5929.10
2405074;2526.00;3595.00;18.70;25.40;31.50;621.00;2809.00;370.00;10.00;451.00;429.00;846.00;239.00;846.00;5468.00
2405075;193.00;5814.00;6.40;49.40;16.30;1417.00;1279.00;65.00;90.00;94.00;94.00;60.00;29.00;0.00;461.10
2405082;1239.00;5856.00;21.80;91.40;31.60;1385.00;1433.00;50.00;116.00;755.00;737.00;357.00;174.00;0.00;2456.30
2406000;799.00;84924.00;408.00;936.50;30.60;24245.00;2292.00;96.00;889.00;357.00;350.00;226.00;187.00;0.00;2443.40
2406013;777.00;20449.00;91.20;147.00;30.80;5047.00;2344.00;157.00;130.00;357.00;350.00;226.00;187.00;0.00;2443.40
2406014;0.00;12957.00;44.30;71.40;30.30;2946.00;2416.00;273.00;47.00;0.00;0.00;0.00;0.00;0.00;0.00
2406015;777.00;7492.00;46.90;75.60;31.70;2101.00;2228.00;91.00;83.00;357.00;350.00;226.00;187.00;0.00;2443.40
2406023;0.00;9160.00;65.30;79.20;32.80;2692.00;2205.00;116.00;79.00;0.00;0.00;0.00;0.00;0.00;0.00
2406024;0.00;4462.00;38.10;34.80;33.10;1351.00;1825.00;161.00;28.00;0.00;0.00;0.00;0.00;0.00;0.00
2406032;0.00;6286.00;22.30;86.20;26.00;1951.00;2488.00;63.00;99.00;0.00;0.00;0.00;0.00;0.00;0.00
2406052;0.00;6824.00;29.10;79.00;30.90;1816.00;2797.00;93.00;73.00;0.00;0.00;0.00;0.00;0.00;0.00
2406062;0.00;5109.00;25.70;60.10;30.00;1515.00;2023.00;93.00;55.00;0.00;0.00;0.00;0.00;0.00;0.00
2406072;0.00;5883.00;43.30;75.10;34.30;1936.00;1574.00;58.00;102.00;0.00;0.00;0.00;0.00;0.00;0.00
2406082;0.00;5894.00;23.50;95.20;36.90;1999.00;2272.00;66.00;89.00;0.00;0.00;0.00;0.00;0.00;0.00
2406092;22.00;17752.00;60.80;224.20;29.60;5120.00;2532.00;120.00;149.00;0.00;0.00;0.00;0.00;0.00;0.00
2407000;14427.00;76593.00;501.30;855.00;28.20;17850.00;1806.00;93.00;822.00;3528.00;3334.00;5328.00;2633.00;5041.00;41668.80
2407011;13508.00;23818.00;117.80;97.50;30.80;4049.00;2471.00;267.00;89.00;3190.00;3026.00;5039.00;2449.00;5039.00;35885.80
2407022;0.00;3408.00;38.40;37.40;27.20;980.00;1341.00;59.00;57.00;0.00;0.00;0.00;0.00;0.00;0.00
2407032;343.00;7500.00;67.10;155.70;28.70;1867.00;1375.00;56.00;134.00;255.00;238.00;101.00;80.00;0.00;1219.20
2407042;429.00;6832.00;96.80;71.00;33.00;1517.00;1385.00;80.00;86.00;42.00;39.00;151.00;72.00;0.00;3744.00
2407052;17.00;6910.00;53.40;74.60;26.70;1818.00;1852.00;86.00;80.00;5.00;4.00;5.00;5.00;0.00;115.30
2407062;105.00;11861.00;68.40;118.00;25.30;3296.00;1870.00;92.00;129.00;26.00;23.00;26.00;24.00;0.00;353.40
2407072;10.00;6650.00;25.80;173.80;26.10;1687.00;1495.00;56.00;119.00;4.00;2.00;3.00;2.00;0.00;301.60
2407083;15.00;9614.00;33.60;127.00;24.20;2636.00;1793.00;75.00;128.00;6.00;2.00;3.00;1.00;2.00;49.50
2407084;6.00;4338.00;16.30;36.80;35.00;1246.00;1721.00;61.00;71.00;6.00;2.00;2.00;1.00;2.00;29.20
2407085;9.00;5276.00;17.30;90.20;15.20;1390.00;1859.00;93.00;57.00;0.00;0.00;1.00;0.00;0.00;20.30
2408000;52252.00;98373.00;514.90;682.60;29.40;18259.00;3042.00;422.00;233.00;10498.00;10232.00;18486.00;6031.00;16616.00;118343.60
2408011;15212.00;22334.00;104.10;104.50;30.90;2924.00;2821.00;1113.00;20.00;2065.00;2028.00;5448.00;1004.00;5448.00;20518.40
2408021;27484.00;40813.00;238.80;259.10;30.50;7306.00;3575.00;515.00;79.00;5195.00;5037.00;10219.00;3470.00;10219.00;71510.20
2408031;3616.00;20927.00;62.50;176.60;25.10;4734.00;2747.00;250.00;84.00;1107.00;1070.00;949.00;491.00;949.00;9682.80
2408042;1121.00;6073.00;26.90;47.80;31.90;1247.00;2369.00;393.00;15.00;343.00;336.00;392.00;52.00;0.00;2544.40
2408052;4819.00;8226.00;82.60;94.60;29.30;2048.00;2915.00;238.00;35.00;1788.00;1761.00;1478.00;1014.00;0.00;14087.80
2409000;30918.00;71119.00;179.40;614.50;28.20;20413.00;2396.00;148.00;479.00;9215.00;8699.00;11721.00;5123.00;8729.00;74365.80
2409011;20534.00;31762.00;58.10;126.10;27.10;6442.00;3049.00;432.00;74.00;3722.00;3427.00;7736.00;2630.00;7736.00;38711.50
2409023;3571.00;14324.00;12.00;211.40;25.80;5446.00;2145.00;90.00;160.00;1873.00;1791.00;1398.00;716.00;379.00;9451.30
2409025;2714.00;11861.00;12.00;191.90;22.50;4406.00;2397.00;89.00;133.00;1292.00;1267.00;1019.00;442.00;0.00;5644.60
2409042;4404.00;10919.00;47.40;101.00;37.70;3965.00;1872.00;191.00;57.00;2327.00;2230.00;1707.00;1200.00;0.00;18804.00
2409053;2409.00;8451.00;50.40;129.90;27.60;2918.00;1867.00;84.00;101.00;1293.00;1251.00;880.00;577.00;614.00;7399.00
2409054;1725.00;4568.00;44.40;33.00;29.40;1431.00;2302.00;180.00;25.00;847.00;806.00;614.00;423.00;614.00;5245.40
2409055;684.00;3883.00;6.00;96.90;25.50;1487.00;1532.00;51.00;76.00;446.00;445.00;266.00;154.00;0.00;2153.60
2410000;78953.00;111202.00;702.50;916.60;31.50;21791.00;2463.00;236.00;471.00;18491.00;17901.00;22971.00;8999.00;7851.00;158105.50
2410012;5558.00;6754.00;61.20;70.10;33.40;1603.00;2118.00;143.00;47.00;1423.00;1370.00;1537.00;735.00;0.00;13741.50
2410022;2371.00;4894.00;32.20;38.20;26.50;1179.00;2230.00;102.00;48.00;1139.00;1110.00;807.00;515.00;0.00;9231.20
2410032;13078.00;16499.00;102.50;127.70;28.00;2614.00;3519.00;329.00;50.00;1882.00;1820.00;3600.00;509.00;0.00;11072.60
2410042;12197.00;18197.00;211.90;185.00;33.80;3129.00;1915.00;240.00;76.00;2529.00;2466.00;3388.00;1025.00;0.00;16359.30
2410053;38519.00;52578.00;234.10;356.30;32.70;10580.00;2707.00;301.00;175.00;9302.00;8964.00;11721.00;5155.00;7851.00;93402.50
2410054;23155.00;25829.00;146.60;74.90;34.00;4242.00;2960.00;1148.00;22.00;3897.00;3673.00;7851.00;3004.00;7851.00;58759.60
2410055;15364.00;26749.00;87.50;281.40;31.50;6338.00;2491.00;176.00;153.00;5405.00;5291.00;3870.00;2151.00;0.00;34642.90
2410062;7230.00;12280.00;60.60;139.30;28.10;2686.00;2009.00;164.00;75.00;2216.00;2171.00;1918.00;1060.00;0.00;14298.40
2411000;50477.00;108513.00;250.80;678.20;28.70;18459.00;2476.00;200.00;544.00;8010.00;7576.00;18068.00;3972.00;17057.00;77479.70
2411011;46741.00;54882.00;175.30;166.60;27.30;5689.00;3253.00;732.00;75.00;4998.00;4675.00;17054.00;3232.00;17054.00;65061.00
2411022;253.00;5150.00;8.60;48.90;29.60;1313.00;2639.00;197.00;26.00;259.00;248.00;69.00;51.00;0.00;883.90
2411033;13.00;5746.00;24.60;60.40;53.60;1513.00;1983.00;122.00;47.00;2.00;0.00;4.00;0.00;3.00;8.30
2411034;10.00;2158.00;1.50;33.00;40.90;600.00;3537.00;701.00;4.00;0.00;0.00;3.00;0.00;3.00;6.20
2411035;3.00;3588.00;23.10;27.40;61.20;913.00;1572.00;81.00;43.00;2.00;0.00;1.00;0.00;0.00;2.10
2411053;44.00;11883.00;24.80;121.80;24.50;2334.00;2278.00;94.00;127.00;1.00;0.00;0.00;0.00;0.00;0.00
2411054;3.00;5386.00;21.50;30.40;35.70;593.00;3295.00;171.00;31.00;1.00;0.00;0.00;0.00;0.00;0.00
2411055;41.00;6497.00;3.30;91.40;15.30;1741.00;1809.00;68.00;96.00;0.00;0.00;0.00;0.00;0.00;0.00
2411082;164.00;5204.00;17.50;73.40;33.60;1262.00;1751.00;70.00;74.00;55.00;52.00;48.00;45.00;0.00;792.20
2412000;20215.00;78104.00;261.50;485.20;27.20;15641.00;3170.00;349.00;224.00;3607.00;3507.00;5837.00;377.00;3810.00;22136.20
2412013;14289.00;42193.00;35.80;193.20;26.70;6906.00;3457.00;368.00;115.00;1967.00;1906.00;4438.00;276.00;3810.00;13129.20
2412014;12045.00;28266.00;35.80;101.30;27.80;3533.00;4226.00;751.00;38.00;560.00;516.00;3810.00;53.00;3810.00;7750.50
2412022;0.00;9720.00;44.30;66.20;27.30;2402.00;3642.00;490.00;20.00;0.00;0.00;0.00;0.00;0.00;0.00
2412032;8.00;4132.00;18.90;26.40;24.70;965.00;3866.00;544.00;8.00;0.00;0.00;0.00;0.00;0.00;0.00
2412042;47.00;9650.00;25.40;105.70;29.20;2418.00;2573.00;168.00;57.00;2.00;1.00;4.00;2.00;0.00;31.80
2412052;5871.00;12409.00;137.10;93.70;28.10;2950.00;2505.00;513.00;24.00;1638.00;1600.00;1395.00;99.00;0.00;8975.20
2413000;75804.00;139833.00;550.30;788.90;29.70;26958.00;2044.00;217.00;644.00;18583.00;18156.00;27855.00;9506.00;22467.00;189072.10
2413011;25.00;8626.00;53.10;41.50;24.00;1992.00;2007.00;113.00;76.00;0.00;0.00;0.00;0.00;0.00;0.00
2413021;4490.00;7449.00;34.20;45.30;26.10;1319.00;1443.00;110.00;68.00;841.00;829.00;1459.00;264.00;1459.00;6525.50
2413031;8214.00;16818.00;56.20;61.40;28.20;2702.00;3571.00;1274.00;13.00;2239.00;2197.00;2927.00;1170.00;2927.00;20601.20
2413041;45357.00;61356.00;164.50;229.30;28.70;9432.00;2892.00;733.00;84.00;8000.00;7797.00;18081.00;4810.00;18081.00;93258.20
2413052;1067.00;3191.00;24.10;23.40;32.20;400.00;1106.00;82.00;39.00;367.00;356.00;404.00;137.00;0.00;2243.70
2413062;3198.00;5793.00;82.50;93.90;51.40;1724.00;747.00;126.00;46.00;1409.00;1380.00;990.00;447.00;0.00;17730.30
2413072;8011.00;12248.00;37.00;60.50;31.20;3274.00;1834.00;274.00;45.00;2982.00;2941.00;2359.00;1525.00;0.00;25281.70
2413082;1501.00;8240.00;31.40;77.70;27.10;2116.00;1580.00;66.00;125.00;766.00;747.00;469.00;232.00;0.00;4192.90
2413092;3941.00;16112.00;67.30;155.90;32.00;3999.00;1505.00;109.00;148.00;1979.00;1909.00;1166.00;921.00;0.00;19238.60
2414000;30699.00;59760.00;561.40;388.80;31.00;11801.00;2298.00;378.00;158.00;8515.00;8342.00;9214.00;3037.00;8253.00;55297.50
2414011;10966.00;19605.00;121.90;119.50;30.30;3109.00;2396.00;484.00;40.00;3095.00;3018.00;3572.00;835.00;3572.00;16417.80
2414021;5723.00;9153.00;125.00;75.00;33.40;2336.00;1863.00;327.00;28.00;1763.00;1723.00;1664.00;699.00;1664.00;15445.80
2414031;10650.00;16822.00;136.50;93.30;35.00;2989.00;2625.00;532.00;32.00;2499.00;2469.00;3017.00;1106.00;3017.00;15109.70
2414042;0.00;7860.00;101.00;45.80;22.90;1908.00;2306.00;227.00;35.00;0.00;0.00;0.00;0.00;0.00;0.00
2414052;3360.00;6320.00;77.00;55.20;28.90;1459.00;2012.00;271.00;23.00;1158.00;1132.00;961.00;397.00;0.00;8324.20
2415000;59691.00;157616.00;803.10;790.60;28.10;29720.00;2890.00;550.00;287.00;11453.00;11037.00;19050.00;878.00;16312.00;78185.40
2415011;3029.00;13994.00;41.80;35.70;23.10;2451.00;3753.00;685.00;20.00;309.00;295.00;931.00;37.00;931.00;2127.40
2415021;8970.00;17806.00;98.70;70.90;29.30;2862.00;2966.00;1421.00;13.00;664.00;632.00;2845.00;51.00;2845.00;10322.90
2415031;4448.00;21637.00;71.70;76.90;31.40;3779.00;3838.00;1447.00;15.00;422.00;380.00;1397.00;58.00;1397.00;3379.80
2415041;33205.00;48143.00;167.70;158.20;29.80;6439.00;3655.00;972.00;50.00;3009.00;2860.00;11139.00;329.00;11139.00;37435.50
2415052;3207.00;13747.00;113.10;86.30;25.20;3674.00;2041.00;361.00;38.00;2989.00;2923.00;927.00;165.00;0.00;9438.40
2415062;1737.00;21265.00;139.00;170.90;26.00;5148.00;2503.00;329.00;64.00;1548.00;1509.00;462.00;94.00;0.00;5292.40
2415072;379.00;7920.00;7.70;84.00;21.80;2040.00;2152.00;190.00;42.00;506.00;489.00;116.00;28.00;0.00;1576.90
2415082;2348.00;5415.00;45.60;46.30;33.30;1338.00;2929.00;396.00;14.00;686.00;665.00;593.00;40.00;0.00;4219.40
2415092;2368.00;7689.00;117.80;61.40;29.40;1989.00;1410.00;246.00;31.00;1320.00;1284.00;640.00;76.00;0.00;4392.70
2416000;50712.00;118434.00;291.00;975.70;29.00;28851.00;1453.00;118.00;1003.00;11135.00;10846.00;21382.00;5370.00;19437.00;113601.00
2416011;4682.00;8568.00;9.40;41.10;30.60;2057.00;2064.00;214.00;40.00;1393.00;1369.00;1985.00;443.00;1985.00;10205.40
2416021;35068.00;49567.00;185.60;221.70;31.00;7505.00;2906.00;581.00;85.00;5037.00;4852.00;15073.00;2779.00;15073.00;71976.40
2416042;3.00;6347.00;13.40;93.60;25.60;1976.00;803.00;58.00;110.00;0.00;0.00;1.00;1.00;0.00;2.60
2416053;5593.00;15956.00;13.40;119.20;30.50;4627.00;1144.00;120.00;133.00;2005.00;1962.00;2317.00;972.00;1408.00;14650.50
2416054;3323.00;6845.00;13.40;29.10;23.50;1434.00;2093.00;796.00;9.00;864.00;835.00;1408.00;515.00;1408.00;7664.70
2416063;4383.00;9152.00;31.60;73.40;24.70;3013.00;1291.00;108.00;85.00;2230.00;2209.00;1635.00;958.00;890.00;13039.10
2416064;2290.00;4296.00;31.60;24.30;31.60;1279.00;1644.00;150.00;29.00;1066.00;1051.00;890.00;626.00;890.00;8086.20
2416073;395.00;8640.00;9.40;126.00;28.60;2717.00;1109.00;61.00;143.00;165.00;154.00;147.00;94.00;81.00;1844.00
2416074;208.00;1947.00;8.30;12.20;26.10;551.00;1835.00;237.00;8.00;74.00;70.00;81.00;68.00;81.00;1281.50
2416075;187.00;6693.00;1.10;113.80;29.40;2166.00;998.00;50.00;135.00;91.00;84.00;66.00;26.00;0.00;562.50
2416083;9.00;7713.00;20.40;92.50;18.10;2771.00;924.00;58.00;134.00;0.00;0.00;4.00;0.00;0.00;15.50
2416084;0.00;3622.00;20.40;17.60;10.50;1102.00;1714.00;201.00;18.00;0.00;0.00;0.00;0.00;0.00;0.00
2416092;579.00;5224.00;6.40;56.80;27.60;1771.00;818.00;68.00;77.00;305.00;300.00;220.00;123.00;0.00;1867.50
2416102;0.00;4637.00;1.40;69.10;28.00;1456.00;777.00;37.00;125.00;0.00;0.00;0.00;0.00;0.00;0.00
2417000;18799.00;153226.00;1576.20;808.90;12.70;43043.00;3804.00;147.00;1040.00;8742.00;8358.00;6304.00;4643.00;1539.00;63702.80
2417011;4063.00;31388.00;250.10;220.40;25.00;5798.00;3383.00;621.00;51.00;2514.00;2329.00;1539.00;1385.00;1539.00;22585.60
2417022;3946.00;6809.00;80.50;24.20;12.60;2248.00;3713.00;121.00;56.00;1632.00;1575.00;1435.00;1013.00;0.00;10560.20
2417032;10.00;6252.00;101.90;52.50;11.40;1917.00;2844.00;224.00;28.00;0.00;0.00;2.00;1.00;0.00;5.50
2417042;0.00;13342.00;100.70;20.90;7.20;4555.00;4223.00;78.00;170.00;0.00;0.00;0.00;0.00;0.00;0.00
2417062;4082.00;10818.00;114.80;89.10;14.30;3216.00;5560.00;184.00;59.00;1902.00;1857.00;1256.00;895.00;0.00;11610.60
2417072;18.00;4545.00;82.00;23.10;11.40;1431.00;2897.00;106.00;43.00;5.00;2.00;6.00;5.00;0.00;53.20
2417082;6605.00;14426.00;181.00;142.40;19.20;4010.00;2971.00;402.00;36.00;2684.00;2593.00;2045.00;1335.00;0.00;18738.00
2417092;0.00;10078.00;114.40;58.80;2.70;3320.00;2902.00;102.00;99.00;0.00;0.00;0.00;0.00;0.00;0.00
2417102;37.00;13095.00;107.30;58.30;14.70;3354.00;5463.00;202.00;65.00;5.00;2.00;10.00;7.00;0.00;108.20
2417112;0.00;8842.00;134.70;3.00;0.60;3171.00;3366.00;67.00;131.00;0.00;0.00;0.00;0.00;0.00;0.00
2417132;38.00;8095.00;63.30;27.00;1.10;1158.00;2873.00;79.00;45.00;0.00;0.00;11.00;2.00;0.00;41.50
2417142;0.00;4499.00;66.20;33.80;2.30;2332.00;5142.00;207.00;39.00;0.00;0.00;0.00;0.00;0.00;0.00
2417152;0.00;15101.00;114.90;55.40;11.20;3710.00;6309.00;197.00;76.00;0.00;0.00;0.00;0.00;0.00;0.00
2461000;150377.00;171259.00;835.10;682.20;36.00;21605.00;3676.00;1375.00;125.00;21902.00;19609.00;57175.00;19278.00;57175.00;397501.20
2461011;150377.00;171259.00;835.10;682.20;36.00;21605.00;3676.00;1375.00;125.00;21902.00;19609.00;57175.00;19278.00;57175.00;397501.20
2462000;135816.00;166795.00;267.60;338.60;28.30;8786.00;5108.00;2402.00;69.00;7362.00;7117.00;52111.00;10594.00;52111.00;188209.70
2462011;135816.00;166795.00;267.60;338.60;28.30;8786.00;5108.00;2402.00;69.00;7362.00;7117.00;52111.00;10594.00;52111.00;188209.70
2463000;86663.00;108434.00;212.90;192.20;29.30;4732.00;4704.00;3262.00;33.00;4797.00;4488.00;35993.00;7024.00;35993.00;156919.70
2463011;86663.00;108434.00;212.90;192.20;29.30;4732.00;4704.00;3262.00;33.00;4797.00;4488.00;35993.00;7024.00;35993.00;156919.70
2464000;162752.00;222292.00;587.10;633.70;37.60;24937.00;3650.00;1392.00;160.00;18659.00;17750.00;71443.00;14258.00;71443.00;351009.00
2464011;162752.00;222292.00;587.10;633.70;37.60;24937.00;3650.00;1392.00;160.00;18659.00;17750.00;71443.00;14258.00;71443.00;351009.00
2465000;92025.00;120259.00;301.60;404.40;29.70;13232.00;2124.00;637.00;189.00;10400.00;10065.00;37704.00;6987.00;37704.00;158944.20
2465011;92025.00;120259.00;301.60;404.40;29.70;13232.00;2124.00;637.00;189.00;10400.00;10065.00;37704.00;6987.00;37704.00;158944.20
2466000;147241.00;179806.00;440.40;427.60;33.40;14567.00;3104.00;1343.00;134.00;13286.00;12486.00;59633.00;13826.00;59633.00;281662.60
2466011;147241.00;179806.00;440.40;427.60;33.40;14567.00;3104.00;1343.00;134.00;13286.00;12486.00;59633.00;13826.00;59633.00;281662.60
2467000;72776.00;89128.00;308.30;383.30;31.50;7352.00;3919.00;1045.00;85.00;4747.00;4533.00;25812.00;1871.00;25812.00;90296.20
2467011;72776.00;89128.00;308.30;383.30;31.50;7352.00;3919.00;1045.00;85.00;4747.00;4533.00;25812.00;1871.00;25812.00;90296.20
2468000;32019.00;91563.00;351.80;332.50;30.60;12897.00;2888.00;600.00;153.00;6561.00;6416.00;12064.00;2728.00;12064.00;58223.40
2468011;32019.00;91563.00;351.80;332.50;30.60;12897.00;2888.00;600.00;153.00;6561.00;6416.00;12064.00;2728.00;12064.00;58223.40
2469000;225829.00;294510.00;630.90;711.60;36.40;19567.00;4350.00;1789.00;165.00;18286.00;17386.00;100714.00;16189.00;100714.00;455964.20
2469011;225829.00;294510.00;630.90;711.60;36.40;19567.00;4350.00;1789.00;165.00;18286.00;17386.00;100714.00;16189.00;100714.00;455964.20
2470000;54521.00;74586.00;274.80;326.60;28.60;8210.00;3667.00;1137.00;66.00;7150.00;6943.00;19828.00;3530.00;19828.00;90006.80
2470011;54521.00;74586.00;274.80;326.60;28.60;8210.00;3667.00;1137.00;66.00;7150.00;6943.00;19828.00;3530.00;19828.00;90006.80
2471000;30846.00;55299.00;155.10;137.30;28.60;5781.00;3927.00;1383.00;40.00;4078.00;3945.00;12438.00;2526.00;12438.00;48745.30
2471011;30846.00;55299.00;155.10;137.30;28.60;5781.00;3927.00;1383.00;40.00;4078.00;3945.00;12438.00;2526.00;12438.00;48745.30
2472000;96625.00;138000.00;266.30;298.30;30.50;8503.00;4066.00;1775.00;78.00;6358.00;6021.00;38784.00;4498.00;38784.00;120210.90
2472011;96625.00;138000.00;266.30;298.30;30.50;8503.00;4066.00;1775.00;78.00;6358.00;6021.00;38784.00;4498.00;38784.00;120210.90
2473000;80332.00;138696.00;640.30;595.80;28.90;20168.00;3077.00;935.00;148.00;8616.00;8100.00;26962.00;6335.00;26962.00;131070.50
2473011;80332.00;138696.00;640.30;595.80;28.90;20168.00;3077.00;935.00;148.00;8616.00;8100.00;26962.00;6335.00;26962.00;131070.50
2474000;60940.00;67154.00;86.50;108.80;32.70;3169.00;4808.00;2633.00;25.00;3622.00;3428.00;25842.00;2622.00;25842.00;72591.30
2474011;60940.00;67154.00;86.50;108.80;32.70;3169.00;4808.00;2633.00;25.00;3622.00;3428.00;25842.00;2622.00;25842.00;72591.30
2475000;147249.00;202036.00;397.90;490.80;33.20;12561.00;4755.00;2219.00;91.00;9257.00;8860.00;63501.00;7275.00;63501.00;212276.30
2475011;147249.00;202036.00;397.90;490.80;33.20;12561.00;4755.00;2219.00;91.00;9257.00;8860.00;63501.00;7275.00;63501.00;212276.30
2476000;36874.00;50012.00;104.10;79.50;28.40;2229.00;6823.00;3757.00;13.00;2331.00;2204.00;15175.00;2417.00;15175.00;54515.30
2476011;36874.00;50012.00;104.10;79.50;28.40;2229.00;6823.00;3757.00;13.00;2331.00;2204.00;15175.00;2417.00;15175.00;54515.30
2477000;108357.00;127831.00;366.90;450.70;35.30;8690.00;4704.00;1563.00;82.00;8246.00;7959.00;41078.00;4253.00;41078.00;151816.00
2477011;108357.00;127831.00;366.90;450.70;35.30;8690.00;4704.00;1563.00;82.00;8246.00;7959.00;41078.00;4253.00;41078.00;151816.00
2478000;133096.00;173374.00;374.60;332.60;26.00;10408.00;4662.00;2156.00;80.00;10304.00;9816.00;48736.00;13881.00;48736.00;214912.00
2478011;133096.00;173374.00;374.60;332.60;26.00;10408.00;4662.00;2156.00;80.00;10304.00;9816.00;48736.00;13881.00;48736.00;214912.00
2479000;54943.00;62456.00;262.50;267.60;30.80;6291.00;4083.00;966.00;65.00;6178.00;5896.00;17947.00;3863.00;17947.00;85685.80
2479011;54943.00;62456.00;262.50;267.60;30.80;6291.00;4083.00;966.00;65.00;6178.00;5896.00;17947.00;3863.00;17947.00;85685.80
